"Task Type","Task ID","Task Name","Status","Task Content","Assignee","Priority","Latest Comment","Comment Count","Assigned Comment Count","Due Date","Start Date","Date Created","Date Updated","Date Closed","Date Done","Created By","Space","Folder","List","Subtask ID's","Subtask URL's","tags","Lists","Sprints","Linked Tasks","Linked Docs","Time Logged","Time Logged Rolled Up","Time Estimate","Time Estimate Rolled Up","Points Estimate","Points Estimate Rolled Up"
"Task","868c3bwpr","Primeiros Passos em Melodia Perdida","complete","Objetivo: Explicar o sistema do jogo, regras, objetivos e como começar a jogar

Slide 1:
Melodia Perdida: Um RPG onde você é um músico aventureiro! Descubra canções ancestrais para combater o Grande Mal que ameaça o mundo.

Slide 2:
Objetivo do Jogo: Encontrar fragmentos de conhecimento antigo através de músicas mágicas e relíquias perdidas.

Slide 3:
Sistema Simples: Role dados para resolver desafios. Mais dados = mais chances de sucesso! Use equipamentos e criatividade.

Criação de Personagem: Escolha uma origem, instrumento e comece com 3 corações. Sua jornada musical começa aqui!

Slide 5:
Canções Mágicas: Use música para criar efeitos incríveis. Cada nota tem um poder único!

Slide 6:
Começando: Reúna amigos, escolham seus heróis e deixe a aventura musical começar! Regras simples, diversão garantida.
","[Pedro Alberto de Lima]","none","@Diego Bassinello   @Stefano Pelletti  post pronto para revisão!     Obs: o link com a arte e a legenda estão nos comentários dessa tarefa  ",3,0,"Monday, February 10th 2025","","Monday, January 20th 2025, 6:54:51 pm -03:00","Monday, February 10th 2025, 5:44:40 pm -03:00","Monday, February 10th 2025, 5:44:40 pm -03:00","Monday, February 10th 2025, 5:44:40 pm -03:00","Pedro Alberto de Lima","Marketing","hidden","Redes Sociais","[]","[]","[carrossel, melodiaperdida]","[Redes Sociais]","[]","","","","","","",,0
"Task","868c3bwr5","Conhecendo as Fadas-Madrinhas","complete","Direcionamento: Explicar a lore desses seres na lore e qual o seu papel na aventura

Slide 1:
Conheça as fadas-madrinhas do Melodia Perdida

Slide 2:
Seres antigos feitos de pura magia, protetoras das pequenas fadas.
Gostam de morar perto de seres inteligentes, sempre escondidas mas presentes.

Slide 3:
Podem aumentar os pontos de magia dos heróis em troca de favores.
Favores Possíveis:
Resgatar uma fada perdida
Tocar um instrumento
Trazer moedas
Resgatar um tesouro
","[Pedro Alberto de Lima]","none","",0,0,"Monday, February 17th 2025","","Monday, January 20th 2025, 6:54:55 pm -03:00","Monday, February 17th 2025, 2:32:33 pm -03:00","Monday, February 17th 2025, 2:32:33 pm -03:00","Monday, February 17th 2025, 2:32:33 pm -03:00","Pedro Alberto de Lima","Marketing","hidden","Redes Sociais","[]","[]","[melodiaperdida]","[Redes Sociais]","[]","","","","","","",,0
"Task","868c3bwrp","Caixinha de perguntas","complete","Direcionamento: Pedir aos seguidores perguntas e separar as melhores para responder depois.
","[Diego Bassinello]","none","",0,0,"Tuesday, February 18th 2025","","Monday, January 20th 2025, 6:54:57 pm -03:00","Tuesday, February 18th 2025, 8:36:20 pm -03:00","Tuesday, February 18th 2025, 8:36:20 pm -03:00","Tuesday, February 18th 2025, 8:36:20 pm -03:00","Pedro Alberto de Lima","Marketing","hidden","Redes Sociais","[]","[]","[stories]","[Redes Sociais]","[]","","","","","","",,0
"Task","868c3bwt6","RPG para crianças","backlog","Direcionamento: Mostrar como o RPG pode ser benéfico para as crianças e destacar que o Melodia Perdida possui uma dinâmica e dicas para jogar com elas.

Roteiro:

[INTRO - Tom questionador]
Já pensou em jogar RPG de mesa com crianças?

Se não, saiba que ele pode ser uma ótima ferramenta para o desenvolvimento delas.

[BENEFÍCIOS - Tom confiante e amigável]
O RPG traz benefícios como:
Desenvolvimento do pensamento crítico e da criatividade
Melhora habilidades de comunicação
Incentiva trabalho em equipe

Além disso, esse é o momento perfeito para descontrair e criar mais laços em família.

[MELODIA]
(mostrar o livro físico nesse momento)
Se estiver em dúvida de como começar, o Melodia Perdida é o RPG ideal para você. 

(corte para trechos do capítulo do livro) 
O jogo possui um sistema de regras simples e intuitivas, além de conter uma sessão especial com dicas para jogar com crianças.

E, o melhor de tudo, é que você pode adquirir o seu com 10% de desconto no site da Luz Negra Editora usando o cupom MELODIA10.

[FINAL - Tom amigável e convidativo]
Aproveite por que a promoção é válida até o dia 28 de fevereiro.
Até a próxima!
","[Pedro Alberto de Lima]","none","Roteiro enviado para o Fellipe  ",1,0,"","","Monday, January 20th 2025, 6:54:59 pm -03:00","Tuesday, July 15th 2025, 9:53:18 am -03:00","","","Pedro Alberto de Lima","Marketing","hidden","Redes Sociais","[]","[]","[reels]","[Redes Sociais]","[]","","","","","","",,0
"Task","868c3bwtw","Lembrete promoção","complete","Direcionamento: Relembrar sobre a promoção do livro e destacar os últimos dias para usar o cupom

⏰ ÚLTIMOS DIAS! ⏰
10% OFF em Melodia Perdida
Cupom: MELODIA10
Garanta sua aventura musical agora!

","[Pedro Alberto de Lima]","none","✅  Post agendado  ",4,0,"Friday, February 21st 2025","","Monday, January 20th 2025, 6:55:01 pm -03:00","Friday, February 14th 2025, 5:25:55 pm -03:00","Friday, February 14th 2025, 5:23:37 pm -03:00","Friday, February 14th 2025, 5:23:37 pm -03:00","Pedro Alberto de Lima","Marketing","hidden","Redes Sociais","[]","[]","[criativo, melodiaperdida]","[Redes Sociais]","[]","","","","","","",,0
"Task","868c3bwuc","Playlist Melodia Perdida","backlog","Direcionamento: Criar uma playlist (se não existir) de músicas que inspiraram a criação do jogo ou que podem ajudar a criar o clima durante a sessão.

🎶 Playlist Oficial de Melodia Perdida 🎶
[Título da música 1]
[Título da música 2]
[Título da música 3]
Crie o clima perfeito para sua aventura musical!
","[Pedro Alberto de Lima]","none","",0,0,"","","Monday, January 20th 2025, 6:55:03 pm -03:00","Tuesday, July 15th 2025, 9:52:35 am -03:00","","","Pedro Alberto de Lima","Marketing","hidden","Redes Sociais","[]","[]","[melodiaperdida, criativo]","[Redes Sociais]","[]","","","","","","",,0
"Task","868c49zbr","Ajustar Linktree","complete","
","[]","none","",0,0,"Friday, January 24th 2025","","Tuesday, January 21st 2025, 4:58:47 pm -03:00","Wednesday, January 29th 2025, 5:33:21 am -03:00","Wednesday, January 29th 2025, 5:33:21 am -03:00","Wednesday, January 29th 2025, 5:33:21 am -03:00","Pedro Alberto de Lima","Marketing","hidden","Sprint","[]","[]","","[Sprint]","[]","","","","","","",,0
"Task","868c49zgh","Atualizar bio das redes sociais","complete","Inserir descrição e frases sobre a editora, bem como link para as redes/linktree.
","[Pedro Alberto de Lima]","URGENT","✅  Twitter (bio)   ✅  YouTube (links)    ✅  Instagram (bio)   ✅  WhatsApp (bio)     Facebook e Twitch não tenho acesso.  ",1,0,"Wednesday, July 16th 2025","","Tuesday, January 21st 2025, 4:58:57 pm -03:00","Thursday, July 17th 2025, 11:31:37 am -03:00","Thursday, July 17th 2025, 11:31:37 am -03:00","Thursday, July 17th 2025, 11:31:37 am -03:00","Pedro Alberto de Lima","Marketing","hidden","Sprint","[]","[]","","[Sprint]","[]","","","","","","",,0
"Task","868c49zr0","Análise de concorrentes","pendente","
","[Pedro Alberto de Lima]","URGENT","",0,0,"","","Tuesday, January 21st 2025, 4:59:13 pm -03:00","Tuesday, June 23rd 2026, 8:44:22 pm -03:00","","","Pedro Alberto de Lima","Marketing","hidden","Sprint","[]","[]","","[Sprint]","[]","","","","","","",,0
"Task","868c49ztm","Criar calendário de publicações","complete","
","[]","none","",0,0,"Friday, January 31st 2025","","Tuesday, January 21st 2025, 4:59:17 pm -03:00","Tuesday, February 4th 2025, 12:56:55 pm -03:00","Tuesday, February 4th 2025, 12:56:55 pm -03:00","Tuesday, February 4th 2025, 12:56:55 pm -03:00","Pedro Alberto de Lima","Marketing","hidden","Sprint","[]","[]","","[Sprint]","[]","","","","","","",,0
"Task","868c61xt5","Questionário sobre os livros","complete","
","[]","none","",0,0,"Friday, January 31st 2025","","Thursday, January 23rd 2025, 3:26:02 pm -03:00","Wednesday, January 29th 2025, 10:10:56 am -03:00","Wednesday, January 29th 2025, 10:10:56 am -03:00","Wednesday, January 29th 2025, 10:10:56 am -03:00","Pedro Alberto de Lima","Marketing","hidden","Sprint","[]","[]","","[Sprint]","[]","","","","","","",,0
"Task","868c61y6m","Criar documento com ideias de conteúdos","complete","
","[]","none","",0,0,"Friday, January 31st 2025","","Thursday, January 23rd 2025, 3:26:26 pm -03:00","Tuesday, February 4th 2025, 12:57:05 pm -03:00","Tuesday, February 4th 2025, 12:57:05 pm -03:00","Tuesday, February 4th 2025, 12:57:05 pm -03:00","Pedro Alberto de Lima","Marketing","hidden","Sprint","[]","[]","","[Sprint]","[]","","","","","","",,0
"Task","868c633du","Detalhar agenda de ações com influenciadores","backlog","
","[]","HIGH","",0,0,"","","Thursday, January 23rd 2025, 3:58:35 pm -03:00","Tuesday, July 15th 2025, 9:54:04 am -03:00","","","Pedro Alberto de Lima","Marketing","hidden","Sprint","[]","[]","","[Sprint]","[]","","","","","","",,0
"Task","868c9ar05","Editoriais das redes sociais","complete","
","[]","none","",0,0,"Friday, January 31st 2025","","Wednesday, January 29th 2025, 12:40:30 pm -03:00","Tuesday, February 4th 2025, 12:56:56 pm -03:00","Tuesday, February 4th 2025, 12:56:56 pm -03:00","Tuesday, February 4th 2025, 12:56:56 pm -03:00","Pedro Alberto de Lima","Marketing","hidden","Sprint","[]","[]","","[Sprint]","[]","","Editorais redes sociais: https://app.clickup.com/9011936800/v/dc/8cjefh0-151/8cjefh0-91","","","","",,0
"Task","868c9djt1","[DOFF] Programação DOF","complete","
","[]","none","",0,0,"Thursday, June 5th 2025","","Wednesday, January 29th 2025, 2:29:01 pm -03:00","Sunday, June 8th 2025, 6:51:02 pm -03:00","Sunday, June 8th 2025, 6:50:42 pm -03:00","Sunday, June 8th 2025, 6:50:42 pm -03:00","Pedro Alberto de Lima","Marketing","hidden","Redes Sociais","[]","[]","[criativo]","[Redes Sociais]","[]","","","","","","",,0
"Task","868cabcmg","Promoção Melodia Perdida","complete","Direcionamento: Divulgar a promoção de 10% na compra do livro e o seu respectivo cupom.

🎵 PROMOÇÃO ESPECIAL 🎵
10% OFF no livro Melodia Perdida
Cupom: MELODIA10
Válido até [data]
Embarque nesta aventura musical agora mesmo!
","[]","none","7%20-%20Cupom%20Melodia%20Insta%202.png   7%20-%20Cupom%20Melodia%20Insta%203.png   7%20-%20Cupom%20Melodia%20Insta.png   7%20-%20Cupom%20Melodia%20Whats.png  ",3,0,"Wednesday, February 5th 2025","","Thursday, January 30th 2025, 6:34:23 pm -03:00","Wednesday, February 5th 2025, 6:03:00 pm -03:00","Wednesday, February 5th 2025, 6:03:00 pm -03:00","Wednesday, February 5th 2025, 6:03:00 pm -03:00","Pedro Alberto de Lima","Marketing","hidden","Redes Sociais","[]","[]","[criativo, melodiaperdida]","[Redes Sociais]","[]","","","","","","",,0
"Task","868cb9d46","Macros / fichas Melodia Perdida","complete","","[Pedro Alberto de Lima]","none","",0,0,"Wednesday, February 19th 2025","","Saturday, February 1st 2025, 9:41:32 am -03:00","Wednesday, February 19th 2025, 11:34:29 am -03:00","Wednesday, February 19th 2025, 11:34:29 am -03:00","Wednesday, February 19th 2025, 11:34:29 am -03:00","Pedro Alberto de Lima","Marketing","hidden","Email Marketing","[]","[]","[newsletter]","[Email Marketing]","[]","","","","","","",,0
"Task","868ch8kqd","Promoção Melodia Perdida","complete","
","[Pedro Alberto de Lima]","none","",0,0,"Thursday, February 13th 2025","","Monday, February 10th 2025, 11:44:50 am -03:00","Wednesday, February 12th 2025, 2:00:59 pm -03:00","Wednesday, February 12th 2025, 2:00:59 pm -03:00","Wednesday, February 12th 2025, 2:00:59 pm -03:00","Pedro Alberto de Lima","Marketing","hidden","Email Marketing","[]","[]","[newsletter]","[Email Marketing]","[]","","","","","","",,0
"Task","868ch8n39","Lembrete últimos dias promoção","complete","
","[Pedro Alberto de Lima]","none","",0,0,"Thursday, February 27th 2025","","Monday, February 10th 2025, 11:46:41 am -03:00","Thursday, February 27th 2025, 7:41:16 am -03:00","Thursday, February 27th 2025, 7:41:16 am -03:00","Thursday, February 27th 2025, 7:41:16 am -03:00","Pedro Alberto de Lima","Marketing","hidden","Email Marketing","[]","[]","[newsletter]","[Email Marketing]","[]","","","","","","",,0
"Task","868ch8nqp","Definir automações que devem ser criadas","complete","
","[Pedro Alberto de Lima]","NORMAL","",0,0,"","","Monday, February 10th 2025, 11:47:18 am -03:00","Wednesday, August 19th 2026, 3:54:40 pm -03:00","Monday, August 18th 2025, 8:52:24 am -03:00","Monday, August 18th 2025, 8:52:24 am -03:00","Pedro Alberto de Lima","Marketing","hidden","Sprint","[]","[]","","[Sprint]","[]","","","","","","",,0
"Task","868d3tc46","Parcial 2 Breu","complete","
","[Pedro Alberto de Lima]","none","",0,0,"Wednesday, March 19th 2025","","Tuesday, March 18th 2025, 12:36:52 am -03:00","Wednesday, March 19th 2025, 6:02:36 pm -03:00","Wednesday, March 19th 2025, 6:02:34 pm -03:00","Wednesday, March 19th 2025, 6:02:34 pm -03:00","Pedro Alberto de Lima","Marketing","hidden","Email Marketing","[]","[]","","[Email Marketing]","[]","","","","","","",,0
"Task","868d3tc4y","Grid x Teatro da mente PNP","complete","
","[Pedro Alberto de Lima]","none","",0,0,"Wednesday, March 26th 2025","","Tuesday, March 18th 2025, 12:37:26 am -03:00","Thursday, April 17th 2025, 2:29:42 pm -03:00","Thursday, April 17th 2025, 2:29:42 pm -03:00","Thursday, April 17th 2025, 2:29:42 pm -03:00","Pedro Alberto de Lima","Marketing","hidden","Email Marketing","[]","[]","","[Email Marketing]","[]","","","","","","",,0
"Task","868d3vzzk","Nova Parcial Breu","complete","
","[]","none","",0,0,"Wednesday, March 19th 2025","","Tuesday, March 18th 2025, 2:39:24 am -03:00","Wednesday, March 19th 2025, 6:02:32 pm -03:00","Wednesday, March 19th 2025, 6:02:32 pm -03:00","Wednesday, March 19th 2025, 6:02:32 pm -03:00","Pedro Alberto de Lima","Marketing","hidden","Redes Sociais","[]","[]","[breu, criativo]","[Redes Sociais]","[]","","","","","","",,0
"Task","868djqf3m","Você sabe o que é OSR?","complete","
","[]","none","",0,0,"Wednesday, April 30th 2025","","Thursday, April 17th 2025, 2:36:03 pm -03:00","Wednesday, April 30th 2025, 7:11:42 pm -03:00","Wednesday, April 30th 2025, 7:11:34 pm -03:00","Wednesday, April 30th 2025, 7:11:34 pm -03:00","Pedro Alberto de Lima","Marketing","hidden","Redes Sociais","[]","[]","[carrossel]","[Redes Sociais]","[]","","","","","","",,0
"Task","868djqf5f","BREU - Um OSR brasileiro","complete","
","[]","none","",0,0,"Tuesday, May 13th 2025","","Thursday, April 17th 2025, 2:36:10 pm -03:00","Wednesday, May 14th 2025, 1:24:30 pm -03:00","Wednesday, May 14th 2025, 1:24:30 pm -03:00","Wednesday, May 14th 2025, 1:24:30 pm -03:00","Pedro Alberto de Lima","Marketing","hidden","Redes Sociais","[]","[]","[carrossel]","[Redes Sociais]","[]","","","","","","",,0
"Task","868djqf98","Você sabe o que é OSR?","complete","No grátis da LUZ NEGRA você encontra o Principia Apocrypha e Quick Primer (pt/en).
Versão PT traduzida pela Regra da Casa.
","[]","none","",0,0,"Wednesday, April 23rd 2025","","Thursday, April 17th 2025, 2:36:27 pm -03:00","Thursday, April 24th 2025, 8:55:20 pm -03:00","Thursday, April 24th 2025, 8:55:20 pm -03:00","Thursday, April 24th 2025, 8:55:20 pm -03:00","Pedro Alberto de Lima","Marketing","hidden","Email Marketing","[]","[]","[newsletter]","[Email Marketing]","[]","","","","","","",,0
"Task","868djqf9v","BREU - Um OSR brasileiro","complete","
","[]","none","",0,0,"Wednesday, May 14th 2025","","Thursday, April 17th 2025, 2:36:33 pm -03:00","Tuesday, May 13th 2025, 6:45:07 am -03:00","Tuesday, May 13th 2025, 6:45:07 am -03:00","Tuesday, May 13th 2025, 6:45:07 am -03:00","Pedro Alberto de Lima","Marketing","hidden","Email Marketing","[]","[]","[newsletter]","[Email Marketing]","[]","","","","","","",,0
"Task","868djqm1w","PDF liberado para apoiadores","complete","
","[]","none","",0,0,"Wednesday, May 21st 2025","","Thursday, April 17th 2025, 2:43:57 pm -03:00","Thursday, May 22nd 2025, 3:06:30 pm -03:00","Thursday, May 22nd 2025, 3:06:30 pm -03:00","Thursday, May 22nd 2025, 3:06:30 pm -03:00","Pedro Alberto de Lima","Marketing","hidden","Email Marketing","[]","[]","[newsletter, breu]","[Email Marketing]","[]","","","","","","",,0
"Task","868djqm7e","PDF liberado para apoiadores","complete","Informar os apoiadores que o PDF do BREU está liberado para download e que foi enviado para a gráfica
","[]","none","",0,0,"Wednesday, May 21st 2025","","Thursday, April 17th 2025, 2:44:10 pm -03:00","Thursday, May 22nd 2025, 3:06:28 pm -03:00","Thursday, May 22nd 2025, 3:06:28 pm -03:00","Thursday, May 22nd 2025, 3:06:28 pm -03:00","Pedro Alberto de Lima","Marketing","hidden","Redes Sociais","[]","[]","[criativo, breu]","[Redes Sociais]","[]","","","","","","",,0
"Task","868djqpaq","Fotos dos testes de impressão","complete","
","[]","none","",0,0,"Friday, April 25th 2025","","Thursday, April 17th 2025, 2:46:55 pm -03:00","Friday, April 25th 2025, 5:37:45 pm -03:00","Friday, April 25th 2025, 5:37:45 pm -03:00","Friday, April 25th 2025, 5:37:45 pm -03:00","Pedro Alberto de Lima","Marketing","hidden","Redes Sociais","[]","[]","[breu, criativo]","[Redes Sociais]","[]","","","","","","",,0
"Task","868djqxug","Luz Negra no DOFF","complete","
","[]","none","",0,0,"Wednesday, May 28th 2025","","Thursday, April 17th 2025, 2:55:35 pm -03:00","Monday, May 26th 2025, 2:19:39 pm -03:00","Monday, May 26th 2025, 2:19:39 pm -03:00","Monday, May 26th 2025, 2:19:39 pm -03:00","Pedro Alberto de Lima","Marketing","hidden","Email Marketing","[]","[]","[newsletter]","[Email Marketing]","[]","","","","","","",,0
"Task","868djr80q","Lançamento do BREU no DOFF","complete","Já temos uma copia do livro pra usar?

ROTEIRO

[INTRO]
Temos alguns anúncios sobre o Breu!
Isso aí, a hora finalmente chegou.

[APOIADORES]
O primeiro é pra quem participou do financiamento coletivo!
Se você tá ansioso pra receber essa belezinha aqui e vai estar no DOFF, você pode passar no nosso estande para retirar o seu livro.
Então se você vai no evento, já se programa pra pegar o seu e bater um papo com a gente.

[VENDA GERAL]
Agora, o segundo aviso é para todos aqueles que não participaram do financiamento.
Exclusivamente no DOFF, você vai poder comprar o Breu antes de todo mundo. 
Se você não conseguiu participar do financiamento ou embarcou nessa jornada um pouco mais tarde, esse é o momento pra aproveitar!
Passa no nosso estande pra garantir o seu e aproveita pra economizar com o frete.

[FINALIZAÇÃO]
Esperamos vocês por lá!
Ah, e pra quem não vai estar no DOFF, não precisa se preocupar.
Em breve vamos soltar mais informações sobre o envio dos apoios e da venda geral.
Então fiquem ligados por aqui e na nossa newsletter!




","[]","none","",0,0,"Thursday, June 19th 2025","","Thursday, April 17th 2025, 3:08:23 pm -03:00","Tuesday, June 24th 2025, 2:09:40 pm -03:00","Tuesday, June 24th 2025, 2:09:40 pm -03:00","Tuesday, June 24th 2025, 2:09:40 pm -03:00","Pedro Alberto de Lima","Marketing","hidden","Redes Sociais","[]","[]","[breu, reels]","[Redes Sociais]","[]","","","","","","",,0
"Task","868djr9ja","Mesa Conspirações - Aniversário DOFF","complete","
","[]","none","",0,0,"Monday, May 5th 2025","","Thursday, April 17th 2025, 3:11:10 pm -03:00","Friday, May 9th 2025, 12:25:20 am -03:00","Friday, May 9th 2025, 12:25:19 am -03:00","Friday, May 9th 2025, 12:25:19 am -03:00","Pedro Alberto de Lima","Marketing","hidden","Redes Sociais","[]","[]","[reels, conspirações]","[Redes Sociais]","[]","","","","","","",,0
"Task","868dz6fzw","Caixinha de perguntas Breu","complete","
","[]","none","",0,0,"Thursday, May 29th 2025","","Thursday, May 15th 2025, 10:50:21 am -03:00","Thursday, May 29th 2025, 11:51:18 pm -03:00","Thursday, May 29th 2025, 11:51:18 pm -03:00","Thursday, May 29th 2025, 11:51:18 pm -03:00","Pedro Alberto de Lima","Marketing","hidden","Redes Sociais","[]","[]","[stories, breu]","[Redes Sociais]","[]","","","","","","",,0
"Task","868e48hqj","Ilustradores 1 - Breu","complete","
","[]","none","",0,0,"Wednesday, May 28th 2025","","Tuesday, May 27th 2025, 11:43:31 pm -03:00","Wednesday, May 28th 2025, 5:34:18 pm -03:00","Wednesday, May 28th 2025, 5:34:18 pm -03:00","Wednesday, May 28th 2025, 5:34:18 pm -03:00","Pedro Alberto de Lima","Marketing","hidden","Redes Sociais","[]","[]","","[Redes Sociais]","[]","","","","","","",,0
"Task","868e504ed","Ilustradores 2 Breu","complete","
","[]","none","LEGENDA     Continuando a saga da galera que deu vida ao Breu, hoje é dia de falar do tio Bob!     Apesar de ser o mais silencioso, nada disso seria possível sem ele.     Segue o homi aí @mrrobz!   ",2,0,"Tuesday, June 10th 2025","","Thursday, May 29th 2025, 11:21:15 am -03:00","Monday, June 30th 2025, 11:11:12 am -03:00","Monday, June 30th 2025, 11:11:12 am -03:00","Monday, June 30th 2025, 11:11:12 am -03:00","Pedro Alberto de Lima","Marketing","hidden","Sprint","[]","[]","[breu, carrossel]","[Sprint]","[]","","","","","","",,0
"Task","868e9g2ec","Pre-lançamento Breu no DOFF","complete","
","[]","none","",0,0,"Wednesday, June 11th 2025","","Sunday, June 8th 2025, 6:51:28 pm -03:00","Monday, June 30th 2025, 11:11:10 am -03:00","Monday, June 30th 2025, 11:11:10 am -03:00","Monday, June 30th 2025, 11:11:10 am -03:00","Pedro Alberto de Lima","Marketing","hidden","Email Marketing","[]","[]","[newsletter]","[Email Marketing]","[]","","","","","","",,0
"Task","868ech9rh","[Reels] Encadernação Breu","complete","
","[]","none","",0,0,"Sunday, June 15th 2025","","Sunday, June 15th 2025, 1:47:48 pm -03:00","Sunday, June 15th 2025, 1:47:59 pm -03:00","Sunday, June 15th 2025, 1:47:59 pm -03:00","Sunday, June 15th 2025, 1:47:59 pm -03:00","Pedro Alberto de Lima","Marketing","hidden","Redes Sociais","[]","[]","[breu, reels]","[Redes Sociais]","[]","","","","","","",,0
"Task","868ech9t8","[DOFF] Estande Luz Negra","complete","
","[]","none","",0,0,"Tuesday, June 17th 2025","","Sunday, June 15th 2025, 1:48:46 pm -03:00","Tuesday, June 17th 2025, 5:35:25 pm -03:00","Tuesday, June 17th 2025, 5:35:25 pm -03:00","Tuesday, June 17th 2025, 5:35:25 pm -03:00","Pedro Alberto de Lima","Marketing","hidden","Redes Sociais","[]","[]","[criativo]","[Redes Sociais]","[]","","","","","","",,0
"Task","868egf6ba","Dump DOFF","complete","
","[]","none","",0,0,"Tuesday, June 24th 2025","","Tuesday, June 24th 2025, 2:40:53 pm -03:00","Tuesday, June 24th 2025, 7:09:17 pm -03:00","Tuesday, June 24th 2025, 7:09:17 pm -03:00","Tuesday, June 24th 2025, 7:09:17 pm -03:00","Pedro Alberto de Lima","Marketing","hidden","Redes Sociais","[]","[]","[carrossel]","[Redes Sociais]","[]","","","","","","",,0
"Task","868egf6j9","Breu vendas abertas","complete","
","[]","none","",0,0,"Monday, June 30th 2025","","Tuesday, June 24th 2025, 2:41:20 pm -03:00","Wednesday, July 2nd 2025, 4:40:30 pm -03:00","Wednesday, July 2nd 2025, 4:40:30 pm -03:00","Wednesday, July 2nd 2025, 4:40:30 pm -03:00","Pedro Alberto de Lima","Marketing","hidden","Redes Sociais","[]","[]","[carrossel, breu]","[Redes Sociais]","[]","","","","","","",,0
"Task","868ejvwc8","Vendas abertas BREU","complete","
","[]","none","",0,0,"Monday, June 30th 2025","","Monday, June 30th 2025, 11:10:54 am -03:00","Monday, June 30th 2025, 11:11:03 am -03:00","Monday, June 30th 2025, 11:11:03 am -03:00","Monday, June 30th 2025, 11:11:03 am -03:00","Pedro Alberto de Lima","Marketing","hidden","Email Marketing","[]","[]","[newsletter]","[Email Marketing]","[]","","","","","","",,0
"Task","868ejvx5b","Frete liberado para apoiadores BREU","complete","
","[]","none","",0,0,"Wednesday, June 18th 2025","","Monday, June 30th 2025, 11:11:45 am -03:00","Monday, June 30th 2025, 11:11:56 am -03:00","Monday, June 30th 2025, 11:11:56 am -03:00","Monday, June 30th 2025, 11:11:56 am -03:00","Pedro Alberto de Lima","Marketing","hidden","Email Marketing","[]","[]","[newsletter]","[Email Marketing]","[]","","","","","","",,0
"Task","868enzb16","Boxing BREU","complete","
","[]","none","",0,0,"Friday, July 18th 2025","","Monday, July 7th 2025, 8:40:49 pm -03:00","Wednesday, July 30th 2025, 6:14:40 pm -03:00","Wednesday, July 30th 2025, 6:14:40 pm -03:00","Wednesday, July 30th 2025, 6:14:40 pm -03:00","Pedro Alberto de Lima","Marketing","hidden","Redes Sociais","[]","[]","[reels]","[Redes Sociais]","[]","","","","","","",,0
"Task","868eq1j50","Ilustradores 3 - Robson","complete","
","[]","none","",0,0,"Wednesday, July 30th 2025","","Wednesday, July 9th 2025, 8:01:35 pm -03:00","Wednesday, July 30th 2025, 6:14:50 pm -03:00","Wednesday, July 30th 2025, 6:14:50 pm -03:00","Wednesday, July 30th 2025, 6:14:50 pm -03:00","Pedro Alberto de Lima","Marketing","hidden","Redes Sociais","[]","[]","[carrossel]","[Redes Sociais]","[]","","","","","","",,0
"Task","868eq3cqh","Email - Aniversário Câmara Obscura","complete","
","[Pedro Alberto de Lima]","none","",0,0,"Friday, July 11th 2025","","Thursday, July 10th 2025, 1:02:05 am -03:00","Friday, July 11th 2025, 2:36:16 pm -03:00","Friday, July 11th 2025, 2:36:16 pm -03:00","Friday, July 11th 2025, 2:36:16 pm -03:00","Pedro Alberto de Lima","Marketing","hidden","Email Marketing","[]","[]","[newsletter]","[Email Marketing]","[]","","","","","","",,0
"Task","868eq3cqx","Email - Cu do mundo","backlog","Já pensou em seu inimigo ser o... cu do mundo?

Incluir que vamos estar no Rio para o Iniciativa em agosto ao final.
","[Pedro Alberto de Lima]","none","",0,0,"","","Thursday, July 10th 2025, 1:02:05 am -03:00","Wednesday, October 29th 2025, 12:26:25 am -03:00","","","Pedro Alberto de Lima","Marketing","hidden","Email Marketing","[]","[]","[breu, newsletter]","[Email Marketing]","[]","","","","","","",,0
"Task","868eq3crr","Email - Fastplay e fichas","complete","Se você quer conhecer o Breu
Ou quer apresentar ele pra aquele amigo que não sabe o que tá perdendo

Incluir que vamos estar no Rio para o Iniciativa em agosto ao final.

","[Pedro Alberto de Lima]","none","Alterar antes de enviar:   Link correto com UTM   23%20-%20Fastplay.png  ",1,0,"Thursday, August 28th 2025","","Thursday, July 10th 2025, 1:02:07 am -03:00","Wednesday, August 27th 2025, 11:34:20 am -03:00","Wednesday, August 27th 2025, 11:34:20 am -03:00","Wednesday, August 27th 2025, 11:34:20 am -03:00","Pedro Alberto de Lima","Marketing","hidden","Email Marketing","[]","[]","[breu, newsletter]","[Email Marketing]","[]","","","","","","",,0
"Task","868eq3ctb","Email - Classes do BREU","complete","Entenda o sistema de classes e heranças que criamos para o BREU.

","[Pedro Alberto de Lima]","none","",0,0,"Thursday, July 17th 2025","","Thursday, July 10th 2025, 1:02:08 am -03:00","Thursday, July 17th 2025, 1:02:15 pm -03:00","Thursday, July 17th 2025, 1:02:15 pm -03:00","Thursday, July 17th 2025, 1:02:15 pm -03:00","Pedro Alberto de Lima","Marketing","hidden","Email Marketing","[]","[]","[breu, newsletter]","[Email Marketing]","[]","","","","","","",,0
"Task","868eq3d3y","Email - Iniciativa RPG","complete","Divulgação da Luz Negra no evento.

","[Pedro Alberto de Lima]","none","",0,0,"Wednesday, July 23rd 2025","","Thursday, July 10th 2025, 1:02:23 am -03:00","Wednesday, July 23rd 2025, 1:04:44 pm -03:00","Wednesday, July 23rd 2025, 1:04:44 pm -03:00","Wednesday, July 23rd 2025, 1:04:44 pm -03:00","Pedro Alberto de Lima","Marketing","hidden","Email Marketing","[]","[]","[evento, newsletter]","[Email Marketing]","[]","","","","","","",,0
"Task","868et40h9","Definir agendas de julho para e-mail e redes","complete","
","[Pedro Alberto de Lima]","URGENT"," Classes   Cu do mundo   Características   Fastplay   Fichas   Monstros   Ilustradores 3 e 4 (Tobias e Lobo)     ",1,0,"Friday, July 4th 2025","","Tuesday, July 15th 2025, 9:42:39 am -03:00","Thursday, August 7th 2025, 11:56:33 am -03:00","Thursday, August 7th 2025, 11:56:33 am -03:00","Thursday, August 7th 2025, 11:56:33 am -03:00","Pedro Alberto de Lima","Marketing","hidden","Sprint","[]","[]","","[Sprint]","[]","","","","","","",,0
"Task","868et41yh","Definir brindes para envio nos pacotes","backlog"," Pensar em tipos de brindes que podemos enviar
Marcador de página
Cartão-postal
Dados
Fastplay Tenebra e Picadeiro
  
","[]","NORMAL","",0,0,"","","Tuesday, July 15th 2025, 9:47:04 am -03:00","Thursday, June 18th 2026, 6:43:41 pm -03:00","","","Pedro Alberto de Lima","Marketing","hidden","Sprint","[]","[]","","[Sprint]","[]","","","","","","",,0
"Task","868et43e3","[Mídia Paga] Carrossel Melodia Perdida","backlog","Formato: Carrossel
Nº de slides: a definir
Objetivo: Conversão (venda)
Persona: a definir
Teste A/B: a definir
CTA: landing page

  Informações importantes a destacar:
Inspirado em Zelda
RPG de espada e canção
Usa o d6
Regras simples
Minimalista
Perfeito para jogar com crianças
Canções perdidas, armas e artefatos mágicos
Use a musica durante as batalhas
Monstros fofinhos (mas mortais)
2 aventuras prontas
Prova social (feedback/review)

checklist
Estou focando em um único objetivo?
A headline chama atenção?
A proposta de valor está clara?
A arte valoriza o visual do livro?
A copy é curta, emocional e legível?
A CTA está evidente?
O criativo respeita as boas práticas do Instagram?
A segmentação está alinhada com a persona?
A landing page entrega o que a mídia promete?

","[Pedro Alberto de Lima]","none","",0,0,"","","Tuesday, July 15th 2025, 9:50:20 am -03:00","Tuesday, June 16th 2026, 2:32:35 pm -03:00","","","Pedro Alberto de Lima","Marketing","hidden","Sprint","[868f3fahb, 868f4acw9, 868f4ad3f]","[https://app.clickup.com/t/868f3fahb, https://app.clickup.com/t/868f4acw9, https://app.clickup.com/t/868f4ad3f]","[melodiaperdida, carrossel]","[Sprint]","[]","","","","","","",,0
"Task","868ethhuf","Email - Herança e Antecedente","complete","[Introdução]
Falar sobre as quatro classes arquetípicas do BREU.
Salientar que os jogadores não se limitam a elas.
Com o uso das mecânicas de Herança e Antecedentes tudo muda.

[Herança]
É aquilo que o personagem carrega além de sua classe.
Conceito amplo que abrange ancestralidades, posições em organizações, relações familiares, maldições, benção e muitos outras características que podem ser inventadas.
Garantem um histórico que pode influenciar o jogo de forma narrativa e concedem características mecânicas ao personagem.
BREU assume que todos os personagens sem uma Herança são seres humanos que tiveram uma vida ordinária, não foram alvos de nenhum evento atípico e que não estão ligados a nenhum grupo, ordem ou ancestralidade que os destaques dos demais.

→ Como atribuir uma Herança?
Por padrão, um personagem sem uma Herança recebe +1 ponto para ser adicionado a qualquer atributo durante sua criação e nenhuma complicação adicional.
Para construir uma Herança, o jogador abdica de seu ponto bônus de atributo, escolhe a Herança e desenvolve diretamente com a mestra os conceitos e mecanismos que representam ela no jogo.
Ela deve ser descrita de forma breve e conceder benefícios simples (ver exemplos na p.19).

→ Limites
A mestra pode adicionar uma complicação caso uma Herança seja muito forte ou apresente mais de um efeito.
Uma herança não deve possuir mais do que dois benefícios e uma complicação.
Não é possível escolher benefícios como visão noturna, penumbra, calor , vida ou qualquer coisa que diminua a presença da escuridão no jogo.

[Antecedentes]
Mostram quem foi o personagem antes dele adicionar as informações de classe.
Define um pequeno passado para o personagem, essas informações podem ser usadas pela mestra ao arbitrar situações.
Para construir um Antecedente, preencha a sentença:
Sou um __ bom em __ em busca de __.

O antecedente influencia o jogo de forma narrativa, podendo afetar mecânicas como testes de chance e de reação.
Não muda como as regras de combate e magia são aplicadas diretamente.
Com o tempo, a busca pode deixar de fazer sentido, se acontecer, jogador e mestre devem definir uma nova busca para o personagem.

[Exemplo prático]

Crie um exemplo prático de um personagem mostrando sua Herança e Antecedente e tornar o conteúdo mais acessível.

[Finalização]
O BREU é um RPG que não se limita.
São inúmeras possibilidades e cenários a serem construídos.
Explore mais desse universo agora mesmo.

CTA
","[]","none","Ajustar imagem dos titulos (tamanho e fundo)   Ajustar link da CTA (mudar o utm)   Remover   Um personagem sem Herança é um  humano comum  com uma vida ordinária, sem nenhuma conexão com grupos ou eventos atípicos.   Conforme o jogo progride, o objetivo pode mudar, dessa forma, jogador e mestra  devem definir uma nova busca .   Adicionar o ""Ficou com alguma dúvida?   Adicionar mais espaço   image.png  ",1,0,"Tuesday, July 29th 2025","","Tuesday, July 15th 2025, 7:53:17 pm -03:00","Wednesday, July 30th 2025, 5:14:17 pm -03:00","Wednesday, July 30th 2025, 5:14:17 pm -03:00","Wednesday, July 30th 2025, 5:14:17 pm -03:00","Pedro Alberto de Lima","Marketing","hidden","Email Marketing","[]","[]","[newsletter, breu]","[Email Marketing]","[]","","","","","","",,0
"Task","868ethhw8","Email - Dicas de mestragem","backlog","
","[Pedro Alberto de Lima]","none","",0,0,"","","Tuesday, July 15th 2025, 7:53:35 pm -03:00","Wednesday, October 29th 2025, 12:26:26 am -03:00","","","Pedro Alberto de Lima","Marketing","hidden","Email Marketing","[]","[]","[newsletter]","[Email Marketing]","[]","","","","","","",,0
"Task","868ethj5m","Email - Uso tático das fezes","backlog","
","[]","none","",0,0,"","","Tuesday, July 15th 2025, 7:54:54 pm -03:00","Wednesday, August 13th 2025, 5:30:08 pm -03:00","","","Pedro Alberto de Lima","Marketing","hidden","Email Marketing","[]","[]","[newsletter]","[Email Marketing]","[]","","","","","","",,0
"Task","868eu8q1j","Classes arquetípicas","complete","CRIATIVO 1
Conheça as classes arquetípicas do BREU

CRIATIVO 2
No BREU, você inicia sua jornada escolhendo uma das quatro classes básicas do jogo.
Com elas, você começa a dar vida ao seu personagem e sua historia.

Talvez de pra juntar 1+2

CRIATIVO 3
Arcanista
­
São especialistas nas forças ocultas da magia, conhecedoras de feitiços e poderes mágicos. 

Assumem a tarefa de compreender as forças arcanas, desfazem maldições, conduzem rituais e procuram saídas para enigmas extraplanares.

Arcanistas tem como atributo principal a inteligência (INT) e podem utilizar armas simples.

CRIATIVO 4
Combatente
­
Especialistas em embates físicos, mestres em táticas e estratégias de combate.

Possuem o domínio mais primitivo do mundo: matar. Independente de interpretações são a lâmina que fere os inimigos e o escudo que protege os indefesos.

Força (FOR) é o atributo central dos combatentes, eles são capazes de utilizar qualquer arma.

CRIATIVO 5
Profeta
­
Conhecedoras da natureza e seus mistérios, são peritos no que rege o divino e suas entidades.

São o canal entre este mundo e as divindades, os espíritos ancestrais e as forças supremas. Trilham uma jornada solitária em busca de respostas e transmitir sua fé.

Seu atributo central é a sabedoria (SAB) e podem empunhar armas simples e uma marcial.

CRIATIVO 6
Especialista
­
Assassinas, ladras, patifes, bandidas ou gatunas, muitos são os nomes dados para estas figuras.

Elas dominam as técnicas do submundo, da enganação e da subterfúgio. Tomam o que desejam sem se importar com o que esteja em seu caminho.

Possuem a destreza (DES) como atributo central e podem utilizar armas simples, todos os arcos e uma marcial.

CRIATIVO 7
Apesar de contar com 4 classes básicas, a sua imaginação não tem limites na personalização dos personagens.

Com o uso de Herança e Antecedentes, mecânicas exclusivas do BREU, você personaliza o personagem como deseja.

Por exemplo, criando subclasses como bárbaro, bardo, druida, monja, paladina e muito mais.

 CRIATIVO 8
Compre o BREU.
Disponível no site da Luz Negra.
","[]","none","",0,0,"Tuesday, July 22nd 2025","","Thursday, July 17th 2025, 11:53:33 am -03:00","Friday, August 8th 2025, 4:08:18 pm -03:00","Friday, August 8th 2025, 4:08:18 pm -03:00","Friday, August 8th 2025, 4:08:18 pm -03:00","Pedro Alberto de Lima","Marketing","hidden","Redes Sociais","[]","[]","[carrossel]","[Redes Sociais]","[]","","","","","","",,0
"Task","868eumtdq","Fastplay e Fichas","backlog","
","[]","none","",0,0,"","","Friday, July 18th 2025, 7:40:58 am -03:00","Saturday, June 6th 2026, 10:45:33 pm -03:00","","","Pedro Alberto de Lima","Marketing","hidden","Redes Sociais","[]","[]","","[Redes Sociais]","[]","","","","","","",,0
"Task","868eumte8","Cu do Mundo","backlog","
","[Pedro Alberto de Lima]","none","",0,0,"","","Friday, July 18th 2025, 7:41:14 am -03:00","Saturday, June 6th 2026, 10:45:34 pm -03:00","","","Pedro Alberto de Lima","Marketing","hidden","Redes Sociais","[]","[]","[reels]","[Redes Sociais]","[]","","","","","","",,0
"Task","868eumu1p","Herança e Antecedente","backlog","
","[Pedro Alberto de Lima]","none","",0,0,"","","Friday, July 18th 2025, 7:51:50 am -03:00","Tuesday, November 4th 2025, 6:56:34 pm -03:00","","","Pedro Alberto de Lima","Marketing","hidden","Redes Sociais","[]","[]","[carrossel]","[Redes Sociais]","[]","","","","","","",,0
"Task","868eumu33","Extras do BREU","backlog","
","[Pedro Alberto de Lima]","none","",0,0,"","","Friday, July 18th 2025, 7:52:35 am -03:00","Tuesday, November 4th 2025, 6:56:36 pm -03:00","","","Pedro Alberto de Lima","Marketing","hidden","Redes Sociais","[]","[]","[carrossel]","[Redes Sociais]","[]","","","","","","",,0
"Task","868ewh0f2","Email - Iniciativa 2","complete","
","[]","none","",0,0,"Thursday, July 31st 2025","","Wednesday, July 23rd 2025, 1:05:09 pm -03:00","Wednesday, July 30th 2025, 6:17:28 pm -03:00","Wednesday, July 30th 2025, 6:17:28 pm -03:00","Wednesday, July 30th 2025, 6:17:28 pm -03:00","Pedro Alberto de Lima","Marketing","hidden","Email Marketing","[]","[]","[evento, newsletter]","[Email Marketing]","[]","","","","","","",,0
"Task","868ezttn9","Vídeo Conspa Stranger Things","backlog","
","[]","none","",0,0,"","","Wednesday, July 30th 2025, 5:15:39 pm -03:00","Friday, August 15th 2025, 1:15:05 am -03:00","","","Pedro Alberto de Lima","Marketing","hidden","Redes Sociais","[]","[]","","[Redes Sociais]","[]","","","","","","",,0
"Task","868f2xyc6","Tenebra","finalizado","
","[]","none","",0,0,"Sunday, February 1st 2026","","Wednesday, August 6th 2025, 2:26:45 pm -03:00","Wednesday, July 15th 2026, 3:30:08 pm -03:00","Wednesday, July 15th 2026, 3:30:08 pm -03:00","Wednesday, July 15th 2026, 3:30:08 pm -03:00","Pedro Alberto de Lima","Produção","hidden","Lançamentos","[]","[]","[lançamento]","[Lançamentos]","[]","","","","","","",,0
"Task","868g1md8h","Infaernum Edição Definitiva","finalizado","
","[]","none","",0,0,"Saturday, January 31st 2026","","Monday, October 20th 2025, 9:13:15 pm -03:00","Wednesday, August 5th 2026, 3:29:32 pm -03:00","Wednesday, July 15th 2026, 3:30:06 pm -03:00","Wednesday, July 15th 2026, 3:30:06 pm -03:00","Pedro Alberto de Lima","Produção","hidden","Lançamentos","[]","[]","[lançamento]","[Lançamentos]","[]","Campanha de Anúncio Infaernum: https://app.clickup.com/t/868g1m0hk)","","","","","",,0
"Task","868f2xyhg","Bocado","backlog","
","[]","none","",0,0,"","","Wednesday, August 6th 2025, 2:26:57 pm -03:00","Tuesday, February 24th 2026, 2:51:55 pm -03:00","","","Pedro Alberto de Lima","Produção","hidden","Lançamentos","[]","[]","[lançamento]","[Lançamentos]","[]","","","","","","",,0
"Task","868f2y09m","Catedral dos Ímpios","produção","
","[]","none","",0,0,"Monday, March 1st 2027","Friday, July 10th 2026","Wednesday, August 6th 2025, 2:28:49 pm -03:00","Wednesday, July 15th 2026, 4:33:32 pm -03:00","","","Pedro Alberto de Lima","Produção","hidden","Lançamentos","[]","[]","[em financiamento, suplemento]","[Lançamentos]","[]","","","","","","",,0
"Task","868f2y0z9","Ciência Estranha","produção","
","[]","none","",0,0,"","","Wednesday, August 6th 2025, 2:29:27 pm -03:00","Tuesday, February 24th 2026, 2:56:18 pm -03:00","","","Pedro Alberto de Lima","Produção","hidden","Lançamentos","[868kmc3m8, 868kmc4zn]","[https://app.clickup.com/t/868kmc3m8, https://app.clickup.com/t/868kmc4zn]","[suplemento]","[Lançamentos]","[]","","","","","","",,0
"Task","868f2y1ha","Rango Monstro","pré-produção","
","[]","none","",0,0,"","","Wednesday, August 6th 2025, 2:30:25 pm -03:00","Tuesday, February 24th 2026, 2:56:08 pm -03:00","","","Pedro Alberto de Lima","Produção","hidden","Lançamentos","[]","[]","[lançamento]","[Lançamentos]","[]","","","","","","",,0
"Task","868f2y7e6","Memor.ia","backlog","
","[]","none","",0,0,"","","Wednesday, August 6th 2025, 2:40:38 pm -03:00","Tuesday, February 24th 2026, 2:51:53 pm -03:00","","","Pedro Alberto de Lima","Produção","hidden","Lançamentos","[868f40utf]","[https://app.clickup.com/t/868f40utf]","[lançamento]","[Lançamentos]","[]","","","","","","",,0
"Task","868f2y80w","HQs Lobo","backlog","
","[]","none","",0,0,"","","Wednesday, August 6th 2025, 2:42:12 pm -03:00","Tuesday, February 24th 2026, 2:56:04 pm -03:00","","","Pedro Alberto de Lima","Produção","hidden","Lançamentos","[868f2y8bv]","[https://app.clickup.com/t/868f2y8bv]","[lançamento]","[Lançamentos]","[]","","","","","","",,0
"Task","868f2ygkf","Post Classes","complete","
","[Pedro Alberto de Lima]","none","",0,0,"Wednesday, August 6th 2025","","Wednesday, August 6th 2025, 2:57:50 pm -03:00","Thursday, August 7th 2025, 12:13:48 pm -03:00","Thursday, August 7th 2025, 12:10:33 am -03:00","Thursday, August 7th 2025, 12:10:33 am -03:00","Pedro Alberto de Lima","Marketing","hidden","Redes Sociais","[]","[]","[breu, carrossel]","[Redes Sociais]","[]","","","","","","",,0
"Task","868f3f2wb","Agendas setembro","complete","
","[Pedro Alberto de Lima]","none","",0,0,"Wednesday, August 27th 2025","","Thursday, August 7th 2025, 11:56:41 am -03:00","Wednesday, October 29th 2025, 12:26:45 am -03:00","Wednesday, October 29th 2025, 12:26:45 am -03:00","Wednesday, October 29th 2025, 12:26:45 am -03:00","Pedro Alberto de Lima","Marketing","hidden","Sprint","[]","[]","","[Sprint]","[]","","","","","","",,0
"Task","868g5302m","Sob As Sombras Dos Chifres","pré-produção","
","[]","none","",0,0,"Friday, May 1st 2026","","Tuesday, October 28th 2025, 6:44:36 pm -03:00","Tuesday, August 4th 2026, 7:16:36 pm -03:00","","","Pedro Alberto de Lima","Produção","hidden","Lançamentos","[]","[]","[suplemento]","[Lançamentos]","[]","","","","","","",,0
"Task","868f3fje6","Automação pós-venda","backlog","Objetivo:
Criar uma automação de pós-venda com links e informações importantes para os clientes.
Incluir links como:
Fichas de personagem
Macros
Comunidade WhatsApp
Comunidade Discord
Playlist no Spotify
","[Pedro Alberto de Lima]","HIGH","",0,0,"","","Thursday, August 7th 2025, 12:13:27 pm -03:00","Thursday, June 18th 2026, 6:43:38 pm -03:00","","","Pedro Alberto de Lima","Marketing","hidden","Sprint","[]","[]","","[Sprint]","[]","","","","","","",,0
"Task","868f3fmfp","Reativação do Discord da Luz Negra","complete","Objetivo:
Tem como objetivo engajar mais a comunidade que já existe e atrair novos consumidores que estejam interessados nos jogos da editora.

Reativar o servidor no Discord da editora com mesas semanais para o público conhecer os nossos jogos. 


","[]","HIGH","",0,0,"Friday, August 29th 2025","","Thursday, August 7th 2025, 12:16:17 pm -03:00","Tuesday, May 12th 2026, 2:14:20 pm -03:00","Tuesday, May 12th 2026, 2:14:20 pm -03:00","Tuesday, May 12th 2026, 2:14:20 pm -03:00","Pedro Alberto de Lima","Marketing","hidden","Sprint","[]","[]","","[Sprint]","[]","","","","","","",,0
"Task","868f3frk6","Apresentação de desempenho","complete","Roteiro

Instagram
1- Visão Geral
Queda de visualizações e interações devido ao efeito pós-DOFF
Alcance cresceu provavelmente devido ao novo anúncio do BREU (novo público)

2 - Alcance e visualizações
Apesar de uma ligeira queda nas visualizações continuamos com um bom crescimento ao longo do ano

3 - Cliques e visitas
Ótimo crescimento dos últimos 2 meses
Mídia paga do breu impulsionou os cliques

4 - O que vem aí
a. novo tráfego pago para o melodia muito em breve
b. planilha com influencers do nicho
c. análise para entender que caminho podemos seguir

Brevo
1 - Abertura
Queda significativa em julho
Mês que mais enviamos e-mails
Entender se a chamada não está cativante suficiente
Talvez e-mails grandes demais

2 - Cliques
Maio e junho atípicos devido ao lançamento da versão final do breu e do inicio de vendas (alguns emails tiveram 10% de abertura)
Manter constância de 2% para o próximo mês

GA4
1 - Visualizações
De maio para trás não temos detalhado
Crescimento nas views devido a parcerias e tráfego pago BREU

2- Origem
Também sem detalhamento
Vou criar um relatório para ver as utms

","[Pedro Alberto de Lima]","none","",0,0,"Wednesday, August 13th 2025","","Thursday, August 7th 2025, 12:21:20 pm -03:00","Monday, August 18th 2025, 8:44:05 am -03:00","Monday, August 18th 2025, 8:44:05 am -03:00","Monday, August 18th 2025, 8:44:05 am -03:00","Pedro Alberto de Lima","Marketing","hidden","Sprint","[]","[]","","[Sprint]","[]","","","","","","",,0
"Task","868f41qnc","Camin'","backlog","
","[]","none","",0,0,"","","Friday, August 8th 2025, 11:24:28 am -03:00","Tuesday, February 24th 2026, 2:51:52 pm -03:00","","","Diego Bassinello","Produção","hidden","Lançamentos","[868f41qxe]","[https://app.clickup.com/t/868f41qxe]","[lançamento]","[Lançamentos]","[]","","","","","","",,0
"Task","868f4apv1","[Mídia Paga] Reels Melodia Perdida","backlog","
","[Pedro Alberto de Lima]","HIGH","",0,0,"","","Friday, August 8th 2025, 7:21:57 pm -03:00","Tuesday, May 12th 2026, 2:14:58 pm -03:00","","","Pedro Alberto de Lima","Marketing","hidden","Sprint","[868f4aq3j, 868f4aq61, 868f4aq7a, 868f4aq9h]","[https://app.clickup.com/t/868f4aq3j, https://app.clickup.com/t/868f4aq61, https://app.clickup.com/t/868f4aq7a, https://app.clickup.com/t/868f4aq9h]","[melodiaperdida, influencer, reels]","[Sprint]","[]","","","","","","",,0
"Task","868f74bh1","Reunião 27/08","complete","Tópicos
Relatório de desempenho de redes
Mostrar lista de concorrentes do Meta
Entender se faz sentido os que adicionei
Adicionar novos
LP Melodia Perdida - como está?
Aniversário Conspirações fim do mês - faremos algo? live?
Provavelmente uma one-shot
Chamar o 3D
Tem algum conteúdo ou evento programado pro mês?
DungeonGeek21 ~ 13/09 c/ Diego
Além do Muro ~ Outubro

","[]","none","",0,0,"Wednesday, August 27th 2025","","Friday, August 15th 2025, 1:11:28 am -03:00","Thursday, June 18th 2026, 6:43:54 pm -03:00","Thursday, June 18th 2026, 6:43:54 pm -03:00","Thursday, June 18th 2026, 6:43:54 pm -03:00","Pedro Alberto de Lima","Marketing","hidden","Sprint","[]","[]","","[Sprint]","[]","","","","","","",,0
"Task","868f7uxna","Automação carrinho abandonado","backlog","
","[]","NORMAL","",0,0,"","","Monday, August 18th 2025, 8:52:14 am -03:00","Monday, August 18th 2025, 8:52:33 am -03:00","","","Pedro Alberto de Lima","Marketing","hidden","Sprint","[]","[]","","[Sprint]","[]","","","","","","",,0
"Task","868fc1f0a","Email - OneShot BREU","complete","
","[]","none","Alterar a header, deu erro no Brevo  ",1,0,"Wednesday, September 3rd 2025","","Wednesday, August 27th 2025, 11:34:34 am -03:00","Thursday, September 4th 2025, 8:36:05 pm -03:00","Thursday, September 4th 2025, 8:36:05 pm -03:00","Thursday, September 4th 2025, 8:36:05 pm -03:00","Pedro Alberto de Lima","Marketing","hidden","Email Marketing","[]","[]","[newsletter]","[Email Marketing]","[]","","","","","","",,0
"Task","868fc1f0m","Email - DungeonGeek21","backlog","
","[]","none","",0,0,"","","Wednesday, August 27th 2025, 11:34:35 am -03:00","Wednesday, September 24th 2025, 11:40:03 am -03:00","","","Pedro Alberto de Lima","Marketing","hidden","Email Marketing","[]","[]","[evento, newsletter]","[Email Marketing]","[]","","","","","","",,0
"Task","868fq4wj8","E-mail - Campfire","complete","
","[]","none","",0,0,"Monday, September 29th 2025","","Wednesday, September 24th 2025, 11:39:30 am -03:00","Sunday, October 5th 2025, 6:42:15 pm -03:00","Sunday, October 5th 2025, 6:42:15 pm -03:00","Sunday, October 5th 2025, 6:42:15 pm -03:00","Pedro Alberto de Lima","Marketing","hidden","Email Marketing","[]","[]","[newsletter]","[Email Marketing]","[]","","","","","","",,0
"Task","868frmjz8","Email - Campfire 2","complete","
","[]","none","",0,0,"Wednesday, October 1st 2025","","Sunday, September 28th 2025, 6:02:36 pm -03:00","Sunday, October 5th 2025, 6:42:14 pm -03:00","Sunday, October 5th 2025, 6:42:14 pm -03:00","Sunday, October 5th 2025, 6:42:14 pm -03:00","Pedro Alberto de Lima","Marketing","hidden","Email Marketing","[]","[]","[newsletter]","[Email Marketing]","[]","","","","","","",,0
"Task","868g1kzpf","Teaser 1 - Data 11.11","complete"," 
","[]","none","",0,0,"Tuesday, October 28th 2025","","Monday, October 20th 2025, 8:14:37 pm -03:00","Wednesday, October 29th 2025, 12:03:40 am -03:00","Wednesday, October 29th 2025, 12:03:40 am -03:00","Wednesday, October 29th 2025, 12:03:40 am -03:00","Pedro Alberto de Lima","Marketing","hidden","Redes Sociais","[]","[]","[infaernum, criativo, stories]","[Redes Sociais]","[]","","","","","","",,0
"Task","868g1m07t","Campanha Iniciada Infaernum","complete","
","[Pedro Alberto de Lima]","none","",0,0,"Tuesday, November 11th 2025","","Monday, October 20th 2025, 8:16:49 pm -03:00","Tuesday, November 11th 2025, 6:58:16 pm -03:00","Tuesday, November 11th 2025, 6:58:16 pm -03:00","Tuesday, November 11th 2025, 6:58:16 pm -03:00","Pedro Alberto de Lima","Marketing","hidden","Redes Sociais","[]","[]","[reels, stories]","[Redes Sociais]","[]","","","","","","",,0
"Milestone","868g1m0hk","Campanha de Anúncio Infaernum","complete","
","[Pedro Alberto de Lima]","URGENT","",0,0,"Sunday, November 30th 2025","","Monday, October 20th 2025, 8:18:06 pm -03:00","Wednesday, February 11th 2026, 2:46:55 pm -03:00","Wednesday, February 11th 2026, 2:46:55 pm -03:00","Wednesday, February 11th 2026, 2:46:55 pm -03:00","Pedro Alberto de Lima","Marketing","hidden","Sprint","[]","[]","","[Sprint]","[]","Infaernum Edição Definitiva: https://app.clickup.com/t/868g1md8h)","","","","","",,0
"Task","868g1m0p0","Anúncio da Campanha","complete","A ideia desse é ser o grande anúncio com um Reels em motion feito pelo Leo.

","[]","URGENT","Drive com arquivos para Caio e Raul    ",2,0,"Friday, October 31st 2025","","Monday, October 20th 2025, 8:18:30 pm -03:00","Sunday, November 2nd 2025, 6:48:05 pm -03:00","Sunday, November 2nd 2025, 6:48:05 pm -03:00","Sunday, November 2nd 2025, 6:48:05 pm -03:00","Pedro Alberto de Lima","Marketing","hidden","Redes Sociais","[]","[]","[reels, infaernum, stories]","[Redes Sociais]","[]","","","","","","",,0
"Task","868g1mdu1","Newsletter de anúncio","complete","
","[Pedro Alberto de Lima]","URGENT","",0,0,"Monday, November 3rd 2025","","Monday, October 20th 2025, 9:19:47 pm -03:00","Monday, November 3rd 2025, 12:43:22 am -03:00","Monday, November 3rd 2025, 12:43:22 am -03:00","Monday, November 3rd 2025, 12:43:22 am -03:00","Pedro Alberto de Lima","Marketing","hidden","Email Marketing","[]","[]","[newsletter]","[Email Marketing]","[]","","","","","","",,0
"Task","868g1mmxn","Anúncio preliminar: Vem aí","complete","
","[Pedro Alberto de Lima]","none","",0,0,"Wednesday, October 29th 2025","","Monday, October 20th 2025, 10:16:43 pm -03:00","Wednesday, October 29th 2025, 12:26:20 am -03:00","Wednesday, October 29th 2025, 12:26:20 am -03:00","Wednesday, October 29th 2025, 12:26:20 am -03:00","Pedro Alberto de Lima","Marketing","hidden","Email Marketing","[]","[]","[newsletter]","[Email Marketing]","[]","","","","","","",,0
"Task","868g2x4rn","[Caixinha] Palpites do anúncio","complete","
","[Diego Bassinello]","none","",0,0,"Thursday, October 30th 2025","","Wednesday, October 22nd 2025, 11:26:42 pm -03:00","Sunday, November 2nd 2025, 6:48:07 pm -03:00","Sunday, November 2nd 2025, 6:48:07 pm -03:00","Sunday, November 2nd 2025, 6:48:07 pm -03:00","Pedro Alberto de Lima","Marketing","hidden","Redes Sociais","[]","[]","[stories, infaernum]","[Redes Sociais]","[]","","","","","","",,0
"Task","868g2x61c","POSTS EXTRAS DA CAMPANHA","backlog","
","[]","none","",0,0,"Thursday, December 4th 2025","","Wednesday, October 22nd 2025, 11:32:58 pm -03:00","Sunday, November 9th 2025, 1:37:42 am -03:00","","","Pedro Alberto de Lima","Marketing","hidden","Redes Sociais","[868g2x62k, 868g2x62z, 868g2x635, 868g2x63b, 868g2x63g, 868g2x63v, 868g2x8r9, 868g2x8ub, 868g2x8wd]","[https://app.clickup.com/t/868g2x62k, https://app.clickup.com/t/868g2x62z, https://app.clickup.com/t/868g2x635, https://app.clickup.com/t/868g2x63b, https://app.clickup.com/t/868g2x63g, https://app.clickup.com/t/868g2x63v, https://app.clickup.com/t/868g2x8r9, https://app.clickup.com/t/868g2x8ub, https://app.clickup.com/t/868g2x8wd]","","[Redes Sociais]","[]","","","","","","",,0
"Task","868g2x6uj","Teaser 2 - Amanhã 12h","complete","
","[]","none","",0,0,"Thursday, October 30th 2025","","Wednesday, October 22nd 2025, 11:44:54 pm -03:00","Sunday, November 2nd 2025, 6:48:09 pm -03:00","Sunday, November 2nd 2025, 6:48:09 pm -03:00","Sunday, November 2nd 2025, 6:48:09 pm -03:00","Pedro Alberto de Lima","Marketing","hidden","Redes Sociais","[]","[]","[stories, infaernum]","[Redes Sociais]","[]","","","","","","",,0
"Task","868g2x77r","Live na Câmara sexta","complete","
","[]","none","",0,0,"Friday, October 31st 2025","","Wednesday, October 22nd 2025, 11:49:57 pm -03:00","Sunday, November 2nd 2025, 6:47:59 pm -03:00","Sunday, November 2nd 2025, 6:47:58 pm -03:00","Sunday, November 2nd 2025, 6:47:58 pm -03:00","Pedro Alberto de Lima","Marketing","hidden","Redes Sociais","[]","[]","[criativo, stories]","[Redes Sociais]","[]","","","","","","",,0
"Task","868g2x7zf","Faltam 2 dias","complete","
","[Diego Bassinello]","none","",0,0,"Sunday, November 9th 2025","","Wednesday, October 22nd 2025, 11:58:59 pm -03:00","Sunday, November 9th 2025, 9:41:01 pm -03:00","Sunday, November 9th 2025, 9:41:01 pm -03:00","Sunday, November 9th 2025, 9:41:01 pm -03:00","Pedro Alberto de Lima","Marketing","hidden","Redes Sociais","[]","[]","[stories, criativo, infaernum]","[Redes Sociais]","[]","","","","","","",,0
"Task","868g4gnn7","Rolagem 3d6","complete","
","[]","none","",0,0,"Friday, December 5th 2025","","Monday, October 27th 2025, 8:30:37 pm -03:00","Friday, December 12th 2025, 7:39:42 pm -03:00","Friday, December 12th 2025, 7:39:42 pm -03:00","Friday, December 12th 2025, 7:39:42 pm -03:00","Pedro Alberto de Lima","Marketing","hidden","Redes Sociais","[]","[]","","[Redes Sociais]","[]","","","","","","",,0
"Task","868g530c1","HQ Muda Tobias","pré-produção","
","[]","none","",0,0,"","","Tuesday, October 28th 2025, 6:45:28 pm -03:00","Tuesday, February 24th 2026, 2:56:36 pm -03:00","","","Pedro Alberto de Lima","Produção","hidden","Lançamentos","[]","[]","[lançamento]","[Lançamentos]","[]","","","","","","",,0
"Task","868g7jk1m","Revelação capa Infaernum","complete","
","[]","none","",0,0,"Thursday, November 6th 2025","","Monday, November 3rd 2025, 6:19:27 pm -03:00","Tuesday, November 11th 2025, 10:29:42 am -03:00","Friday, November 7th 2025, 4:39:33 pm -03:00","Friday, November 7th 2025, 4:39:33 pm -03:00","Pedro Alberto de Lima","Marketing","hidden","Email Marketing","[]","[]","[infaernum, carrossel]","[Email Marketing]","[]","","","","","","",,0
"Task","868ga2a6q","Revelação capa Infaernum","complete","
","[]","none","",0,0,"Thursday, November 6th 2025","","Sunday, November 9th 2025, 12:41:59 am -03:00","Sunday, November 9th 2025, 12:43:59 am -03:00","Sunday, November 9th 2025, 12:42:04 am -03:00","Sunday, November 9th 2025, 12:42:04 am -03:00","Pedro Alberto de Lima","Marketing","hidden","Sprint","[]","[]","[infaernum, newsletter]","[Sprint]","[]","","","","","","",,0
"Task","868ga2acc","Falta 1 dia","complete","
","[Diego Bassinello]","none","",0,0,"Monday, November 10th 2025","","Sunday, November 9th 2025, 12:44:09 am -03:00","Monday, November 10th 2025, 8:28:20 pm -03:00","Monday, November 10th 2025, 8:28:20 pm -03:00","Monday, November 10th 2025, 8:28:20 pm -03:00","Pedro Alberto de Lima","Marketing","hidden","Redes Sociais","[]","[]","[criativo, infaernum, stories]","[Redes Sociais]","[]","","","","","","",,0
"Task","868ga2b70","Ajustar fixados perfil insta","complete","
","[]","none","",0,0,"Tuesday, November 11th 2025","","Sunday, November 9th 2025, 12:53:16 am -03:00","Tuesday, November 11th 2025, 6:58:28 pm -03:00","Tuesday, November 11th 2025, 6:58:28 pm -03:00","Tuesday, November 11th 2025, 6:58:28 pm -03:00","Pedro Alberto de Lima","Marketing","hidden","Redes Sociais","[]","[]","","[Redes Sociais]","[]","","","","","","",,0
"Task","868gawpe9","Falta apenas 1 dia","complete","
","[]","none","",0,0,"Monday, November 10th 2025","","Tuesday, November 11th 2025, 10:30:01 am -03:00","Tuesday, November 11th 2025, 10:30:19 am -03:00","Tuesday, November 11th 2025, 10:30:19 am -03:00","Tuesday, November 11th 2025, 10:30:19 am -03:00","Pedro Alberto de Lima","Marketing","hidden","Email Marketing","[]","[]","[infaernum, newsletter]","[Email Marketing]","[]","","","","","","",,0
"Task","868gawpgz","Campanha Iniciada!","complete","
","[]","none","",0,0,"Tuesday, November 11th 2025","","Tuesday, November 11th 2025, 10:30:11 am -03:00","Tuesday, November 11th 2025, 6:58:19 pm -03:00","Tuesday, November 11th 2025, 6:58:19 pm -03:00","Tuesday, November 11th 2025, 6:58:19 pm -03:00","Pedro Alberto de Lima","Marketing","hidden","Sprint","[]","[]","[newsletter, infaernum]","[Sprint]","[]","","","","","","",,0
"Task","868gv63e1","15 dias fim da campanha","complete","Contagem regressiva para o final da campanha
Colocar vídeos do ggtonho e PlayRay
Relembrar dos addons
","[]","none","",0,0,"Friday, December 26th 2025","","Wednesday, December 24th 2025, 2:11:54 pm -03:00","Thursday, December 25th 2025, 9:09:38 pm -03:00","Thursday, December 25th 2025, 9:09:38 pm -03:00","Thursday, December 25th 2025, 9:09:38 pm -03:00","Pedro Alberto de Lima","Marketing","hidden","Email Marketing","[]","[]","[infaernum, newsletter]","[Email Marketing]","[]","","","","","","",,0
"Task","868gv63ef","Formas de jogar - Solo, sem mestre e normal","complete","
","[]","none","",0,0,"Thursday, January 1st 2026","","Wednesday, December 24th 2025, 2:12:01 pm -03:00","Saturday, January 3rd 2026, 10:14:47 pm -03:00","Saturday, January 3rd 2026, 10:14:47 pm -03:00","Saturday, January 3rd 2026, 10:14:47 pm -03:00","Pedro Alberto de Lima","Marketing","hidden","Email Marketing","[]","[]","[newsletter, infaernum]","[Email Marketing]","[]","","","","","","",,0
"Task","868gv63ex","Última semana de campanha","complete","
","[]","none","",0,0,"Tuesday, January 6th 2026","","Wednesday, December 24th 2025, 2:12:10 pm -03:00","Tuesday, January 6th 2026, 10:55:46 pm -03:00","Tuesday, January 6th 2026, 10:55:46 pm -03:00","Tuesday, January 6th 2026, 10:55:46 pm -03:00","Pedro Alberto de Lima","Marketing","hidden","Email Marketing","[]","[]","[newsletter, infaernum]","[Email Marketing]","[]","","","","","","",,0
"Task","868gv63fm","Últimos dias de campanha","complete","
","[]","none","",0,0,"Friday, January 9th 2026","","Wednesday, December 24th 2025, 2:12:23 pm -03:00","Friday, January 9th 2026, 7:54:31 am -03:00","Friday, January 9th 2026, 7:54:31 am -03:00","Friday, January 9th 2026, 7:54:31 am -03:00","Pedro Alberto de Lima","Marketing","hidden","Email Marketing","[]","[]","[newsletter, infaernum]","[Email Marketing]","[]","","","","","","",,0
"Task","868hhrmxt","O que é Tenebra?","complete","
","[Pedro Alberto de Lima]","none","",0,0,"Tuesday, February 24th 2026","","Wednesday, February 18th 2026, 1:57:07 pm -03:00","Tuesday, February 24th 2026, 11:48:47 pm -03:00","Tuesday, February 24th 2026, 11:48:47 pm -03:00","Tuesday, February 24th 2026, 11:48:47 pm -03:00","Pedro Alberto de Lima","Marketing","hidden","Redes Sociais","[]","[]","[tenebra, carrossel]","[Redes Sociais]","[]","","","","","","",,0
"Task","868hhrn0f","É amanhã + Spoiler preços","complete","
","[Pedro Alberto de Lima]","none","",0,0,"Sunday, February 22nd 2026","","Wednesday, February 18th 2026, 1:57:20 pm -03:00","Sunday, February 22nd 2026, 3:59:58 pm -03:00","Sunday, February 22nd 2026, 3:31:26 pm -03:00","Sunday, February 22nd 2026, 3:31:26 pm -03:00","Pedro Alberto de Lima","Marketing","hidden","Redes Sociais","[]","[]","[stories, tenebra, carrossel]","[Redes Sociais]","[]","","","","","","",,0
"Task","868hk7fwt","Vídeo anúncio oficial","complete","
","[Pedro Alberto de Lima]","none","",0,0,"Monday, February 23rd 2026","","Sunday, February 22nd 2026, 4:00:11 pm -03:00","Monday, February 23rd 2026, 1:04:58 am -03:00","Monday, February 23rd 2026, 1:04:58 am -03:00","Monday, February 23rd 2026, 1:04:58 am -03:00","Pedro Alberto de Lima","Marketing","hidden","Redes Sociais","[]","[]","[reels, tenebra]","[Redes Sociais]","[]","","","","","","",,0
"Task","868hk8bfv","Spoiler preços Tenebra","complete","
","[Pedro Alberto de Lima]","none","",0,0,"Sunday, February 22nd 2026","","Sunday, February 22nd 2026, 8:17:44 pm -03:00","Sunday, February 22nd 2026, 8:17:58 pm -03:00","Sunday, February 22nd 2026, 8:17:49 pm -03:00","Sunday, February 22nd 2026, 8:17:49 pm -03:00","Pedro Alberto de Lima","Marketing","hidden","Email Marketing","[]","[]","[tenebra, newsletter]","[Email Marketing]","[]","","","","","","",,0
"Task","868hk8bhv","Financiamento começou!","complete","
","[Pedro Alberto de Lima]","URGENT","",0,0,"Monday, February 23rd 2026","","Sunday, February 22nd 2026, 8:18:18 pm -03:00","Sunday, February 22nd 2026, 11:53:21 pm -03:00","Sunday, February 22nd 2026, 11:53:21 pm -03:00","Sunday, February 22nd 2026, 11:53:21 pm -03:00","Pedro Alberto de Lima","Marketing","hidden","Email Marketing","[]","[]","[tenebra, newsletter]","[Email Marketing]","[]","","","","","","",,0
"Task","868hkd539","Novidades Catarse - Andamento e Spoilers","complete","
","[Pedro Alberto de Lima]","none","",0,0,"Thursday, March 5th 2026","","Monday, February 23rd 2026, 10:51:59 am -03:00","Tuesday, March 17th 2026, 12:10:40 am -03:00","Tuesday, March 17th 2026, 12:10:40 am -03:00","Tuesday, March 17th 2026, 12:10:40 am -03:00","Pedro Alberto de Lima","Marketing","hidden","Email Marketing","[]","[]","[infaernum, newsletter]","[Email Marketing]","[]","","","","","","",,0
"Task","868hkd57j","Novidades Catarse - Tenebra RPG","complete","
","[Pedro Alberto de Lima]","none","",0,0,"Wednesday, February 25th 2026","","Monday, February 23rd 2026, 10:52:26 am -03:00","Thursday, February 26th 2026, 2:29:00 pm -03:00","Thursday, February 26th 2026, 2:29:00 pm -03:00","Thursday, February 26th 2026, 2:29:00 pm -03:00","Pedro Alberto de Lima","Marketing","hidden","Email Marketing","[]","[]","[newsletter, tenebra]","[Email Marketing]","[]","","","","","","",,0
"Task","868hkfbez","Banner home page Tenebra","complete","
","[Diego Bassinello]","none","",0,0,"Tuesday, March 17th 2026","","Monday, February 23rd 2026, 12:52:43 pm -03:00","Thursday, March 26th 2026, 9:55:35 pm -03:00","Thursday, March 26th 2026, 9:55:35 pm -03:00","Thursday, March 26th 2026, 9:55:35 pm -03:00","Pedro Alberto de Lima","Marketing","hidden","Sprint","[]","[]","[tenebra]","[Sprint]","[]","","","","","","",,0
"Task","868hkubkk","Padronizar UTMs","complete","
","[]","none","utm_padrao_luznegra.pdf Novo padrão gerado, agora vou enviar ao Raul para ele ajustar no site.  ",1,0,"Tuesday, June 16th 2026","","Monday, February 23rd 2026, 10:05:20 pm -03:00","Thursday, June 11th 2026, 11:56:06 pm -03:00","Thursday, June 11th 2026, 11:55:43 pm -03:00","Thursday, June 11th 2026, 11:55:43 pm -03:00","Pedro Alberto de Lima","Marketing","hidden","Sprint","[]","[]","[site]","[Sprint]","[]","","","","","","",,0
"Task","868hm64pb","Casos Agentes - Rafão","pré-produção","
","[]","none","",0,0,"Saturday, August 1st 2026","","Tuesday, February 24th 2026, 2:49:55 pm -03:00","Tuesday, February 24th 2026, 2:56:29 pm -03:00","","","Pedro Alberto de Lima","Produção","hidden","Lançamentos","[]","[]","[suplemento]","[Lançamentos]","[]","","","","","","",,0
"Task","868hm65a8","Roadkill","edição","
","[]","none","",0,0,"Thursday, October 1st 2026","","Tuesday, February 24th 2026, 2:50:44 pm -03:00","Tuesday, February 24th 2026, 2:51:07 pm -03:00","","","Pedro Alberto de Lima","Produção","hidden","Lançamentos","[]","[]","[lançamento]","[Lançamentos]","[]","","","","","","",,0
"Task","868hm67eg","HQ Estreito","produção","
","[]","none","",0,0,"Friday, January 1st 2027","","Tuesday, February 24th 2026, 2:52:53 pm -03:00","Tuesday, February 24th 2026, 2:55:52 pm -03:00","","","Pedro Alberto de Lima","Produção","hidden","Lançamentos","[]","[]","[lançamento]","[Lançamentos]","[]","","","","","","",,0
"Task","868hm6a7y","Miralume","produção","
","[]","none","",0,0,"Friday, January 1st 2027","","Tuesday, February 24th 2026, 2:57:00 pm -03:00","Tuesday, February 24th 2026, 2:57:14 pm -03:00","","","Pedro Alberto de Lima","Produção","hidden","Lançamentos","[]","[]","[lançamento]","[Lançamentos]","[]","","","","","","",,0
"Task","868hn13xr","Fastplay gratuito","complete","
","[Pedro Alberto de Lima]","none","",0,0,"Tuesday, March 17th 2026","","Thursday, February 26th 2026, 12:04:32 am -03:00","Thursday, March 26th 2026, 9:55:36 pm -03:00","Thursday, March 26th 2026, 9:55:36 pm -03:00","Thursday, March 26th 2026, 9:55:36 pm -03:00","Pedro Alberto de Lima","Marketing","hidden","Redes Sociais","[]","[]","[tenebra, criativo]","[Redes Sociais]","[]","","","","","","",,0
"Task","868hq4mwv","Meta 50%","complete","
","[Pedro Alberto de Lima]","none","",0,0,"Tuesday, March 3rd 2026","","Tuesday, March 3rd 2026, 11:14:25 am -03:00","Wednesday, March 4th 2026, 9:44:47 pm -03:00","Wednesday, March 4th 2026, 9:44:47 pm -03:00","Wednesday, March 4th 2026, 9:44:47 pm -03:00","Pedro Alberto de Lima","Marketing","hidden","Redes Sociais","[]","[]","[criativo, tenebra]","[Redes Sociais]","[]","","","","","","",,0
"Task","868j918hb","Enviar mensagem camisetas","complete","Enviar mensagem no WhatsApp para apoiadores de Infaernum que não responderam o formulário do tamanho da camiseta.
","[Pedro Alberto de Lima]","none","Mensagem enviada para os apoiadores  ✅",1,0,"Tuesday, April 14th 2026","","Tuesday, April 14th 2026, 8:13:25 pm -03:00","Wednesday, April 15th 2026, 3:41:32 pm -03:00","Tuesday, April 14th 2026, 8:13:33 pm -03:00","Tuesday, April 14th 2026, 8:13:33 pm -03:00","Pedro Alberto de Lima","Marketing","hidden","Sprint","[]","[]","[infaernum]","[Sprint]","[]","","","","","","",,0
"Task","868j918ux","Reenviar mensagens camiseta","complete","
","[Pedro Alberto de Lima]","none","",0,0,"Thursday, April 16th 2026","","Tuesday, April 14th 2026, 8:14:12 pm -03:00","Thursday, April 23rd 2026, 2:03:25 pm -03:00","Thursday, April 16th 2026, 10:55:50 am -03:00","Thursday, April 16th 2026, 10:55:50 am -03:00","Pedro Alberto de Lima","Marketing","hidden","Sprint","[]","[]","[infaernum]","[Sprint]","[]","","","","","","",,0
"Task","868j91zm6","Email - Últimos dias e 75%","complete","
","[Pedro Alberto de Lima]","none","",0,0,"Wednesday, April 15th 2026","","Tuesday, April 14th 2026, 9:05:53 pm -03:00","Thursday, April 23rd 2026, 2:03:23 pm -03:00","Wednesday, April 15th 2026, 11:37:41 pm -03:00","Wednesday, April 15th 2026, 11:37:41 pm -03:00","Pedro Alberto de Lima","Marketing","hidden","Email Marketing","[]","[]","[tenebra, newsletter]","[Email Marketing]","[]","","","","","","",,0
"Task","868jatpd3","Meta Batida & Últimos Dias","complete","
","[Pedro Alberto de Lima]","none","",0,0,"Wednesday, April 22nd 2026","","Monday, April 20th 2026, 11:55:33 am -03:00","Thursday, April 23rd 2026, 2:03:16 pm -03:00","Wednesday, April 22nd 2026, 1:33:17 am -03:00","Wednesday, April 22nd 2026, 1:33:17 am -03:00","Pedro Alberto de Lima","Marketing","hidden","Email Marketing","[]","[]","[tenebra, newsletter]","[Email Marketing]","[]","","","","","","",,0
"Task","868jatpmf","Último dia formulário camisetas","complete","
","[Pedro Alberto de Lima]","none","",0,0,"Monday, April 20th 2026","","Monday, April 20th 2026, 11:55:46 am -03:00","Thursday, April 23rd 2026, 2:03:21 pm -03:00","Monday, April 20th 2026, 11:56:14 am -03:00","Monday, April 20th 2026, 11:56:14 am -03:00","Pedro Alberto de Lima","Marketing","hidden","Sprint","[]","[]","[infaernum]","[Sprint]","[]","","","","","","",,0
"Task","868jatpzb","Meta Batida","complete","
","[Diego Bassinello]","none","",0,0,"Monday, April 20th 2026","","Monday, April 20th 2026, 11:56:06 am -03:00","Thursday, April 23rd 2026, 2:03:19 pm -03:00","Wednesday, April 22nd 2026, 1:33:29 am -03:00","Wednesday, April 22nd 2026, 1:33:29 am -03:00","Pedro Alberto de Lima","Marketing","hidden","Redes Sociais","[]","[]","[tenebra, criativo]","[Redes Sociais]","[]","","","","","","",,0
"Task","868jcbknw","Últimos dias","complete","
","[Diego Bassinello]","none","",0,0,"Thursday, April 23rd 2026","","Thursday, April 23rd 2026, 2:01:52 pm -03:00","Tuesday, May 5th 2026, 2:54:30 pm -03:00","Tuesday, May 5th 2026, 2:54:30 pm -03:00","Tuesday, May 5th 2026, 2:54:30 pm -03:00","Pedro Alberto de Lima","Marketing","hidden","Redes Sociais","[]","[]","[criativo, tenebra]","[Redes Sociais]","[]","","","","","","",,0
"Task","868jcbky4","Últimos dias - Campanhas Catarse","complete","
","[Pedro Alberto de Lima]","none","",0,0,"Thursday, April 23rd 2026","","Thursday, April 23rd 2026, 2:02:17 pm -03:00","Thursday, April 23rd 2026, 2:03:11 pm -03:00","Thursday, April 23rd 2026, 2:03:08 pm -03:00","Thursday, April 23rd 2026, 2:03:08 pm -03:00","Pedro Alberto de Lima","Marketing","hidden","Sprint","[]","[]","[tenebra, newsletter]","[Sprint]","[]","","","","","","",,0
"Task","868jcbmqf","Atualização de Progresso","complete","
","[Pedro Alberto de Lima]","none","",0,0,"Wednesday, May 13th 2026","","Thursday, April 23rd 2026, 2:03:40 pm -03:00","Wednesday, May 13th 2026, 8:28:00 pm -03:00","Wednesday, May 13th 2026, 8:28:00 pm -03:00","Wednesday, May 13th 2026, 8:28:00 pm -03:00","Pedro Alberto de Lima","Marketing","hidden","Email Marketing","[]","[]","[infaernum, newsletter]","[Email Marketing]","[]","","","","","","",,0
"Task","868jhx4xx","Landing Page de Breu","em progresso","
","[]","none","",0,0,"Friday, May 15th 2026","Thursday, May 7th 2026","Thursday, May 7th 2026, 11:03:12 am -03:00","Thursday, May 7th 2026, 11:04:00 am -03:00","","","Raul Tribuzi","Desenvolvimento","hidden","Landing Pages","[]","[]","","[Landing Pages]","[]","","","","","","",,0
"Task","868jhx5x0","Otimização de performasse ","to do","Otimização de imagens, revisão de scripts, limpeza de CSS/banco de dados, e testes de performance no PageSpeed.  
","[Raul Tribuzi]","none","",0,0,"Friday, May 22nd 2026","Monday, May 18th 2026","Thursday, May 7th 2026, 11:04:53 am -03:00","Thursday, May 7th 2026, 11:08:06 am -03:00","","","Raul Tribuzi","Desenvolvimento","hidden","Manutenção","[]","[]","","[Manutenção]","[]","","","","","","",,0
"Task","868jhx6t7","Sistema de Recompensas 2.0 (Financiamento Coletivo)","completo","Desenvolver fluxo sem cupons para resgate de recompensas. O cliente deve conseguir logar/identificar-se, visualizar seus itens e pagar apenas o frete em um checkout simplificado.
","[Raul Tribuzi]","HIGH","",0,0,"Thursday, October 29th 2026","Monday, June 1st 2026","Thursday, May 7th 2026, 11:06:25 am -03:00","Tuesday, August 4th 2026, 11:24:15 am -03:00","Tuesday, August 4th 2026, 11:24:15 am -03:00","Tuesday, August 4th 2026, 11:24:15 am -03:00","Raul Tribuzi","Desenvolvimento","hidden","Novas Funcionalidades","[]","[]","","[Novas Funcionalidades]","[]","","","","","","",,0
"Task","868jhx7xp","Transição Logística (Correios/Loggi para Melhor Envio)","to do","Marcar reunião de alinhamento para migrar do Correio Automático + Loggi separados para um hub como Melhor Envio (ou Kangu).
O objetivo principal é unificar as opções de frete no checkout e simplificar a rotina de despachos da Cah. 
","[Raul Tribuzi]","none","",0,0,"Monday, February 15th 2027","","Thursday, May 7th 2026, 11:08:55 am -03:00","Thursday, May 7th 2026, 11:09:56 am -03:00","","","Raul Tribuzi","Desenvolvimento","hidden","Novas Funcionalidades","[]","[]","","[Novas Funcionalidades]","[]","","","","","","",,0
"Task","868jkp3ca","Troca do webmania","to do","
","[]","none","",0,0,"","","Tuesday, May 12th 2026, 2:15:47 pm -03:00","Wednesday, June 10th 2026, 1:50:45 pm -03:00","","","Raul Tribuzi","Desenvolvimento","hidden","Novas Funcionalidades","[]","[]","","[Novas Funcionalidades]","[]","","","","","","",,0
"Task","868jkp8e9","REUNIÃO 12/05","complete","Plataforma Notas Fiscais
Raul e Stefano estão procurando alternativas para o WebMania
Landing Page
Raul vai finalizar a versão teste
Pedro vai revisar a LP
Saída do Correio Automático
Vamos aguardar a finalização da cobrança para trocar para o Melhor Envio
Nova padronagem de UTMs
Pedro vai mandar para Raul até final da semana para ajuste
","[]","none","",0,0,"","","Tuesday, May 12th 2026, 2:24:36 pm -03:00","Saturday, June 6th 2026, 10:45:09 pm -03:00","Saturday, June 6th 2026, 10:45:09 pm -03:00","Saturday, June 6th 2026, 10:45:09 pm -03:00","Pedro Alberto de Lima","Marketing","hidden","Sprint","[]","[]","","[Sprint]","[]","","","","","","",,0
"Task","868jkpdud","Relatorio de entregas por correios e loggi para saber como anda os envios","to do","
","[]","none","",0,0,"","","Tuesday, May 12th 2026, 2:32:45 pm -03:00","Tuesday, May 12th 2026, 2:32:45 pm -03:00","","","Raul Tribuzi","Desenvolvimento","hidden","Novas Funcionalidades","[]","[]","","[Novas Funcionalidades]","[]","","","","","","",,0
"Task","868jmcfvr","Landing Page BREU","complete"," 
","[]","none","Ajustes enviados para o Raul    ",1,0,"Monday, June 22nd 2026","","Wednesday, May 13th 2026, 8:28:14 pm -03:00","Tuesday, June 23rd 2026, 8:30:58 pm -03:00","Tuesday, June 23rd 2026, 8:30:58 pm -03:00","Tuesday, June 23rd 2026, 8:30:58 pm -03:00","Pedro Alberto de Lima","Marketing","hidden","Sprint","[]","[]","[breu, site]","[Sprint]","[]","","","","","","",,0
"Task","868jmcg7e","Diferenças dos tipos de frete","backlog","
","[]","none","",0,0,"","","Wednesday, May 13th 2026, 8:29:18 pm -03:00","Tuesday, June 23rd 2026, 8:34:16 pm -03:00","","","Pedro Alberto de Lima","Marketing","hidden","Sprint","[]","[]","","[Sprint]","[]","","","","","","",,0
"Task","868jpfjek","SPRINT SEMANAL 12/05","complete","
","[]","none","ATA REUNIÃO 12/05   1. Plataforma Notas Fiscais   - Raul e Stefano estão procurando alternativas para o WebMania   2. Landing Page   - Raul vai finalizar a versão teste   - Pedro vai revisar a LP   3. Saída do Correio Automático   - Vamos aguardar a finalização da cobrança para trocar para o Melhor Envio   4. Nova padronagem de UTMs   - Pedro vai mandar para Raul até final da semana para ajuste  ",1,0,"Tuesday, May 12th 2026","","Tuesday, May 19th 2026, 2:04:10 pm -03:00","Tuesday, May 19th 2026, 2:04:33 pm -03:00","Tuesday, May 19th 2026, 2:04:15 pm -03:00","Tuesday, May 19th 2026, 2:04:15 pm -03:00","Pedro Alberto de Lima","Marketing","hidden","Sprint","[]","[]","","[Sprint]","[]","","","","","","",,0
"Task","868jpfjjr","SPRINT SEMANAL 19/05","complete","
","[]","none","",0,0,"Tuesday, May 19th 2026","","Tuesday, May 19th 2026, 2:04:28 pm -03:00","Tuesday, May 26th 2026, 7:36:42 pm -03:00","Tuesday, May 26th 2026, 7:36:42 pm -03:00","Tuesday, May 26th 2026, 7:36:42 pm -03:00","Pedro Alberto de Lima","Marketing","hidden","Sprint","[]","[]","","[Sprint]","[]","","","","","","",,0
"Task","868jtgdtx","Financiamento - Catedral dos Ímpios","em andamento","
","[]","none","",0,0,"Friday, July 10th 2026","","Tuesday, May 26th 2026, 3:39:18 pm -03:00","Thursday, July 9th 2026, 6:37:21 pm -03:00","","","Pedro Alberto de Lima","Marketing","hidden","Sprint","[]","[]","[financiamento, catedral-impios]","[Sprint]","[]","Artes financiamento - Catedral dos Ímpios: https://app.clickup.com/t/868jwxcjr)","","","","","",,0
"Task","868jv8pcr","Liberação do PDF","complete","
","[]","none","",0,0,"Wednesday, June 3rd 2026","","Saturday, May 30th 2026, 11:44:49 am -03:00","Saturday, June 6th 2026, 10:43:56 pm -03:00","Saturday, June 6th 2026, 10:43:56 pm -03:00","Saturday, June 6th 2026, 10:43:56 pm -03:00","Pedro Alberto de Lima","Marketing","hidden","Redes Sociais","[]","[]","[infaernum, criativo, stories]","[Redes Sociais]","[]","","","","","","",,0
"Task","868jv8peg","Liberação do PDF","complete","
","[]","none","",0,0,"Tuesday, June 2nd 2026","","Saturday, May 30th 2026, 11:45:26 am -03:00","Tuesday, June 2nd 2026, 7:22:30 pm -03:00","Tuesday, June 2nd 2026, 7:22:30 pm -03:00","Tuesday, June 2nd 2026, 7:22:30 pm -03:00","Pedro Alberto de Lima","Marketing","hidden","Email Marketing","[]","[]","[infaernum, newsletter]","[Email Marketing]","[]","","","","","","",,0
"Task","868jwxcjr","Artes financiamento - Catedral dos Ímpios","em andamento","Artes em formatos para:
Instagram (1350x1080)
Twitter/YouTube (1080x1080)
E-mail (definir)
","[]","none","",0,0,"Friday, July 10th 2026","","Tuesday, June 2nd 2026, 10:52:32 pm -03:00","Thursday, July 9th 2026, 6:37:24 pm -03:00","","","Pedro Alberto de Lima","Marketing","hidden","Sprint","[]","[]","[financiamento, catedral-impios]","[Sprint]","[]","Financiamento - Catedral dos Ímpios: https://app.clickup.com/t/868jtgdtx)","","","","","",,0
"Task","868jxt4a3","Resgate seu livro no DOFF","complete","
","[]","none","",0,0,"Thursday, July 9th 2026","","Thursday, June 4th 2026, 4:59:06 pm -03:00","Thursday, July 9th 2026, 5:45:37 pm -03:00","Thursday, July 9th 2026, 5:45:37 pm -03:00","Thursday, July 9th 2026, 5:45:37 pm -03:00","Pedro Alberto de Lima","Marketing","hidden","Redes Sociais","[]","[]","[tenebra, criativo, infaernum]","[Redes Sociais]","[]","","","","","","",,0
"Task","868jyee27","Resgate seu livro no DOFF","em andamento","
","[]","none","",0,0,"","","Sunday, June 7th 2026, 8:57:14 pm -03:00","Tuesday, June 23rd 2026, 8:33:05 pm -03:00","","","Pedro Alberto de Lima","Marketing","hidden","Email Marketing","[]","[]","[infaernum, tenebra, newsletter]","[Email Marketing]","[]","","","","","","",,0
"Task","868jz6t4d","DOFF","complete","
","[]","none","Tag de preço   Banners (novidades, etc)   Logo da Luz Negra   Decorações   Luzes   Brindes bestas (bottons, adesivos, etc)  ",1,0,"Saturday, July 11th 2026","","Tuesday, June 9th 2026, 12:48:23 pm -03:00","Thursday, July 9th 2026, 6:37:13 pm -03:00","Thursday, July 9th 2026, 6:37:08 pm -03:00","Thursday, July 9th 2026, 6:37:08 pm -03:00","Pedro Alberto de Lima","Marketing","hidden","Sprint","[]","[]","","[Sprint]","[]","","","","","","",,0
"Task","868jz6u1q","Levantar material barato","complete","Aventura Poster
Aventura Folder
Posters
Camiseta
Boné
--
Posters de capa e ilustrações
Adesivos com ilustrações

","[]","none","",0,0,"Sunday, July 5th 2026","","Tuesday, June 9th 2026, 12:49:42 pm -03:00","Thursday, July 9th 2026, 5:47:27 pm -03:00","Thursday, July 9th 2026, 5:47:20 pm -03:00","Thursday, July 9th 2026, 5:47:20 pm -03:00","Pedro Alberto de Lima","Marketing","hidden","Sprint","[]","[]","","[Sprint]","[]","","","","","","",,0
"Task","868jz74dq","Liberação PDF apoiadores","complete","
","[Pedro Alberto de Lima]","none","",0,0,"Monday, June 15th 2026","","Tuesday, June 9th 2026, 1:06:13 pm -03:00","Monday, June 15th 2026, 9:29:44 pm -03:00","Monday, June 15th 2026, 6:52:53 pm -03:00","Monday, June 15th 2026, 6:52:53 pm -03:00","Pedro Alberto de Lima","Marketing","hidden","Email Marketing","[]","[]","[newsletter, tenebra]","[Email Marketing]","[]","","","","","","",,0
"Task","868jz74mz","Liberação PDF para apoiadores","complete","
","[Pedro Alberto de Lima]","none","",0,0,"Monday, June 15th 2026","","Tuesday, June 9th 2026, 1:06:43 pm -03:00","Monday, June 15th 2026, 9:29:42 pm -03:00","Monday, June 15th 2026, 6:52:54 pm -03:00","Monday, June 15th 2026, 6:52:54 pm -03:00","Pedro Alberto de Lima","Marketing","hidden","Sprint","[]","[]","[tenebra, stories, criativo]","[Sprint]","[]","","","","","","",,0
"Task","868jzfcxq","Regra dos 10 Conto","complete","
","[]","none","Email programado ✅",1,0,"Friday, June 12th 2026","","Tuesday, June 9th 2026, 11:54:08 pm -03:00","Thursday, June 11th 2026, 11:54:23 pm -03:00","Thursday, June 11th 2026, 11:54:23 pm -03:00","Thursday, June 11th 2026, 11:54:23 pm -03:00","Pedro Alberto de Lima","Marketing","hidden","Email Marketing","[]","[]","[breu, newsletter]","[Email Marketing]","[]","","","","","","",,0
"Task","868jzz30p","Atualizar Brevo com apoiadores Tenebra","complete","
","[]","none","",0,0,"Wednesday, June 10th 2026","","Thursday, June 11th 2026, 7:12:54 am -03:00","Friday, June 12th 2026, 6:17:28 pm -03:00","Thursday, June 11th 2026, 7:13:01 am -03:00","Thursday, June 11th 2026, 7:13:01 am -03:00","Pedro Alberto de Lima","Marketing","hidden","Sprint","[]","[]","[tenebra, financiamento]","[Sprint]","[]","","","","","","",,0
"Task","868k0eca9","Adicionar Combos","completo"," Breu
Melodia
Infaernum
Tenebra
","[]","none","",0,0,"","","Friday, June 12th 2026, 9:58:30 am -03:00","Tuesday, August 4th 2026, 11:24:05 am -03:00","Tuesday, August 4th 2026, 11:24:05 am -03:00","Tuesday, August 4th 2026, 11:24:05 am -03:00","Raul Tribuzi","Desenvolvimento","hidden","Novas Funcionalidades","[]","[]","","[Novas Funcionalidades]","[]","","","","","","",,0
"Task","868k0ecgm","Finalizar LP","completo"," 
[22:19, 11/06/2026] Diego Câmara Obscura: raulvis, alguns dos break points tão com o texto com quebra
[22:20, 11/06/2026] Diego Câmara Obscura: acho que é só pra tablet
[22:20, 11/06/2026] Diego Câmara Obscura: ent
[22:20, 11/06/2026] Diego Câmara Obscura: então que se foda
[22:20, 11/06/2026] Diego Câmara Obscura: de usar tablet o cara já tá errado
 
[22:25, 11/06/2026] Diego Câmara Obscura: quando der, aumenta um pouco esses botões? uns 50%, porfa
 
[22:25, 11/06/2026] Diego Câmara Obscura: acho que eu fui ""elegante"" demais... eles num tão chamando atenção
[22:26, 11/06/2026] Diego Câmara Obscura: esse aqui tá sem clique
[22:30, 11/06/2026] Diego Câmara Obscura: ah, e colocar um carrossel com imagens das páginas do livro
[22:30, 11/06/2026] Diego Câmara Obscura: vou separas algumas
 
[22:31, 11/06/2026] Diego Câmara Obscura: um ""m"" a menos aqui
 
[22:33, 11/06/2026] Diego Câmara Obscura: e dá pra subir esse trecho aqui pra cima... acho que é por conta das quebras que eu comentei acima
 
[22:34, 11/06/2026] Diego Câmara Obscura: dá pra fazer o mesmo aqui
","[]","none","",0,0,"","","Friday, June 12th 2026, 9:58:45 am -03:00","Tuesday, August 4th 2026, 11:23:55 am -03:00","Tuesday, August 4th 2026, 11:23:55 am -03:00","Tuesday, August 4th 2026, 11:23:55 am -03:00","Raul Tribuzi","Desenvolvimento","hidden","Novas Funcionalidades","[]","[]","","[Novas Funcionalidades]","[]","","","","","","",,0
"Task","868k0ecqd","Formulário Camisetas FC Tenebra","completo","
","[]","none","",0,0,"","","Friday, June 12th 2026, 9:59:06 am -03:00","Friday, June 12th 2026, 6:21:04 pm -03:00","Friday, June 12th 2026, 6:21:04 pm -03:00","Friday, June 12th 2026, 6:21:04 pm -03:00","Raul Tribuzi","Desenvolvimento","hidden","Novas Funcionalidades","[]","[]","","[Novas Funcionalidades]","[]","","","","","","",,0
"Task","868k0ecwk","Banner Rotativo","completo","
","[]","none","",0,0,"","","Friday, June 12th 2026, 9:59:19 am -03:00","Tuesday, August 4th 2026, 11:23:58 am -03:00","Tuesday, August 4th 2026, 11:23:58 am -03:00","Tuesday, August 4th 2026, 11:23:58 am -03:00","Raul Tribuzi","Desenvolvimento","hidden","Novas Funcionalidades","[]","[]","","[Novas Funcionalidades]","[]","","","","","","",,0
"Task","868k0ed15","Atualizar página de Financiamentos","to do","
","[]","none","",0,0,"","","Friday, June 12th 2026, 9:59:31 am -03:00","Friday, June 12th 2026, 9:59:31 am -03:00","","","Raul Tribuzi","Desenvolvimento","hidden","Novas Funcionalidades","[]","[]","","[Novas Funcionalidades]","[]","","","","","","",,0
"Task","868k0n6pb","Adicionar produto tenebra PDF","completo","
","[]","none","",0,0,"","","Friday, June 12th 2026, 3:30:59 pm -03:00","Friday, June 12th 2026, 6:20:57 pm -03:00","Friday, June 12th 2026, 6:20:57 pm -03:00","Friday, June 12th 2026, 6:20:57 pm -03:00","Raul Tribuzi","Desenvolvimento","hidden","Novas Funcionalidades","[]","[]","","[Novas Funcionalidades]","[]","","","","","","",,0
"Task","868k0n6qq","Liberar pdfs tenebra","completo","
","[]","none","",0,0,"","","Friday, June 12th 2026, 3:31:03 pm -03:00","Tuesday, August 4th 2026, 11:24:01 am -03:00","Tuesday, August 4th 2026, 11:24:01 am -03:00","Tuesday, August 4th 2026, 11:24:01 am -03:00","Raul Tribuzi","Desenvolvimento","hidden","Novas Funcionalidades","[]","[]","","[Novas Funcionalidades]","[]","","","","","","",,0
"Task","868k0qqmx","Formulário camisetas","complete","
","[]","none","https://luznegra.com.br/camisetas-tenebra /  ",2,0,"Friday, June 19th 2026","","Friday, June 12th 2026, 6:16:09 pm -03:00","Saturday, June 20th 2026, 3:10:10 pm -03:00","Saturday, June 20th 2026, 3:10:10 pm -03:00","Saturday, June 20th 2026, 3:10:10 pm -03:00","Pedro Alberto de Lima","Marketing","hidden","Sprint","[]","[]","[tenebra, financiamento]","[Sprint]","[]","","","","","","",,0
"Task","868k1cyq7","Escuridão como mecânica","pendente","
","[Pedro Alberto de Lima]","none","",0,0,"","","Monday, June 15th 2026, 8:00:28 pm -03:00","Tuesday, June 23rd 2026, 8:33:10 pm -03:00","","","Pedro Alberto de Lima","Marketing","hidden","Email Marketing","[]","[]","[breu, newsletter]","[Email Marketing]","[]","","","","","","",,0
"Task","868k1dna4","Criativos mídia paga","pendente","
","[]","none","",0,0,"Friday, June 26th 2026","","Monday, June 15th 2026, 9:29:25 pm -03:00","Tuesday, June 23rd 2026, 8:36:36 pm -03:00","","","Pedro Alberto de Lima","Marketing","hidden","Sprint","[]","[]","[breu, mídia paga]","[Sprint]","[]","","","","","","",,0
"Task","868k1qq6j","Sprint 16/06","complete","Diego tu começou a criar série de lançamentos de mostruários (precisa pensar em um nome) para BREU, 1 artista faz o livro completo. (Meta extra do FC de Catedral dos Ímpios. Já falou com Lobo, Caio Romero, Mel e outro ilustrador que não lembrava. Vai falar com Raul Rinauldi, Anderson, Tobia, Robson e Helleborus. Cada um faria 10 a 13 monstros cada, em livros separados.
Diego vai fazer os adesivos das paredes do DOFF
LP Raul está finalizando, vai tentar finalizar até sexta
Post blog TTV BREU - Pedro precisa revisar
Diego - cobrar Roma e Bruce
Pedro vai mandar referência para criativos de BREU
","[]","none","",0,0,"Tuesday, June 16th 2026","","Tuesday, June 16th 2026, 2:09:21 pm -03:00","Thursday, June 18th 2026, 6:43:22 pm -03:00","Thursday, June 18th 2026, 6:43:22 pm -03:00","Thursday, June 18th 2026, 6:43:22 pm -03:00","Pedro Alberto de Lima","Marketing","hidden","Sprint","[]","[]","","[Sprint]","[]","","","","","","",,0
"Task","868k1rb3h","Pré-campanha Catedral Ímpios","pendente","
","[]","none","",0,0,"Thursday, June 25th 2026","","Tuesday, June 16th 2026, 2:44:37 pm -03:00","Tuesday, June 16th 2026, 2:46:27 pm -03:00","","","Pedro Alberto de Lima","Marketing","hidden","Sprint","[]","[]","[catedral-impios, newsletter]","[Sprint]","[]","","","","","","",,0
"Task","868k4efy8","Indicações Goblin de Ouro","em andamento","
","[Pedro Alberto de Lima]","none","",0,0,"Wednesday, June 24th 2026","","Tuesday, June 23rd 2026, 8:31:55 pm -03:00","Tuesday, June 23rd 2026, 10:07:26 pm -03:00","","","Pedro Alberto de Lima","Marketing","hidden","Email Marketing","[]","[]","[breu, newsletter]","[Email Marketing]","[]","","","","","","",,0
"Task","868k4eg06","Pré-campanha Brava Gente","complete","
","[]","none","",0,0,"Thursday, July 2nd 2026","","Tuesday, June 23rd 2026, 8:32:29 pm -03:00","Wednesday, July 29th 2026, 8:09:08 pm -03:00","Wednesday, July 29th 2026, 8:09:08 pm -03:00","Wednesday, July 29th 2026, 8:09:08 pm -03:00","Pedro Alberto de Lima","Marketing","hidden","Sprint","[]","[]","[financiamento, brava-gente]","[Sprint]","[]","","","","","","",,0
"Task","868k4egez","Anúncio parceria Brava Gente","complete","
","[]","none","",0,0,"Tuesday, June 30th 2026","","Tuesday, June 23rd 2026, 8:35:29 pm -03:00","Tuesday, July 7th 2026, 9:59:39 am -03:00","Tuesday, July 7th 2026, 9:59:39 am -03:00","Tuesday, July 7th 2026, 9:59:39 am -03:00","Pedro Alberto de Lima","Marketing","hidden","Email Marketing","[]","[]","[brava-gente]","[Email Marketing]","[]","","","","","","",,0
"Task","868k4f06p","Indicações Goblin de Ouro","em andamento","
","[]","none","",0,0,"Wednesday, June 24th 2026","","Tuesday, June 23rd 2026, 10:07:24 pm -03:00","Tuesday, June 23rd 2026, 10:07:38 pm -03:00","","","Pedro Alberto de Lima","Marketing","hidden","Email Marketing","[]","[]","[breu, carrossel, stories]","[Email Marketing]","[]","","","","","","",,0
"Task","868k5y2wk","O que é a Catedral?","complete","
","[]","none","",0,0,"Wednesday, July 8th 2026","","Saturday, June 27th 2026, 4:15:10 pm -03:00","Thursday, July 9th 2026, 5:45:50 pm -03:00","Thursday, July 9th 2026, 5:45:50 pm -03:00","Thursday, July 9th 2026, 5:45:50 pm -03:00","Pedro Alberto de Lima","Marketing","hidden","Redes Sociais","[]","[]","[criativo, catedral-impios]","[Redes Sociais]","[]","","","","","","",,0
"Task","868k5y2y1","Financiamento Começou","complete","
","[]","none","",0,0,"Friday, July 10th 2026","","Saturday, June 27th 2026, 4:16:21 pm -03:00","Monday, July 13th 2026, 10:04:46 am -03:00","Monday, July 13th 2026, 10:04:46 am -03:00","Monday, July 13th 2026, 10:04:46 am -03:00","Pedro Alberto de Lima","Marketing","hidden","Redes Sociais","[]","[]","[criativo, catedral-impios]","[Redes Sociais]","[]","","","","","","",,0
"Task","868k5y2y6","Anúncio Parceria Orbital","complete","
","[]","none","",0,0,"Tuesday, June 30th 2026","","Saturday, June 27th 2026, 4:16:28 pm -03:00","Tuesday, July 7th 2026, 9:59:49 am -03:00","Tuesday, July 7th 2026, 9:59:49 am -03:00","Tuesday, July 7th 2026, 9:59:49 am -03:00","Pedro Alberto de Lima","Marketing","hidden","Redes Sociais","[]","[]","[criativo, brava-gente]","[Redes Sociais]","[]","","","","","","",,0
"Task","868k5y2z5","Anúncio Brava Gente","pendente","
","[]","none","",0,0,"Monday, August 31st 2026","","Saturday, June 27th 2026, 4:17:27 pm -03:00","Wednesday, July 29th 2026, 8:09:52 pm -03:00","","","Pedro Alberto de Lima","Marketing","hidden","Redes Sociais","[]","[]","[brava-gente, criativo]","[Redes Sociais]","[]","","","","","","",,0
"Task","868kcp78q","RESGATE LIVRO FÍSICO","complete","
","[]","none","",0,0,"Thursday, July 16th 2026","","Wednesday, July 15th 2026, 12:55:21 pm -03:00","Thursday, July 16th 2026, 11:10:02 pm -03:00","Thursday, July 16th 2026, 11:09:53 pm -03:00","Thursday, July 16th 2026, 11:09:53 pm -03:00","Pedro Alberto de Lima","Marketing","hidden","Email Marketing","[]","[]","[newsletter, infaernum, tenebra]","[Email Marketing]","[]","","","","","","",,0
"Task","868kcudty","DOFF 2027","backlog","
","[]","none","lalamove  ",2,0,"Sunday, January 31st 2027","","Wednesday, July 15th 2026, 4:15:15 pm -03:00","Wednesday, July 15th 2026, 4:30:37 pm -03:00","","","Pedro Alberto de Lima","Marketing","hidden","Redes Sociais","[]","[]","[evento]","[Redes Sociais]","[]","","","","","","",,0
"Task","868kcvf6f","FC Roadkill","pendente","
","[]","none","",0,0,"Thursday, October 1st 2026","","Wednesday, July 15th 2026, 5:25:27 pm -03:00","Wednesday, July 15th 2026, 5:25:56 pm -03:00","","","Pedro Alberto de Lima","Marketing","hidden","Sprint","[]","[]","[roadkill, financiamento]","[Sprint]","[]","","","","","","",,0
"Task","868khvvwd","Mídias para divulgação - Catarse","complete","
","[Diego Bassinello]","none","",0,0,"Thursday, July 30th 2026","","Wednesday, July 29th 2026, 8:19:34 pm -03:00","Wednesday, August 5th 2026, 8:54:03 pm -03:00","Wednesday, August 5th 2026, 8:54:03 pm -03:00","Wednesday, August 5th 2026, 8:54:03 pm -03:00","Pedro Alberto de Lima","Marketing","hidden","Sprint","[]","[]","[catedral-impios]","[Sprint]","[]","","","","","","",,0
"Task","868khvw30","Anatomia do Livro","complete","
","[Diego Bassinello]","none","",0,0,"Tuesday, August 4th 2026","","Wednesday, July 29th 2026, 8:21:18 pm -03:00","Wednesday, August 5th 2026, 9:27:05 pm -03:00","Wednesday, August 5th 2026, 3:19:12 pm -03:00","Wednesday, August 5th 2026, 3:19:12 pm -03:00","Pedro Alberto de Lima","Marketing","hidden","Redes Sociais","[]","[]","[catedral-impios, criativo]","[Redes Sociais]","[]","","","","","","",,0
"Task","868khvwgr","Masmorra","backlog","
","[]","none","",0,0,"Thursday, August 20th 2026","","Wednesday, July 29th 2026, 8:24:29 pm -03:00","Wednesday, August 12th 2026, 3:57:41 pm -03:00","","","Pedro Alberto de Lima","Marketing","hidden","Redes Sociais","[]","[]","[criativo, catedral-impios]","[Redes Sociais]","[]","","","","","","",,0
"Task","868khvwm9","Estatuto do Distrito da Traça","backlog","
","[]","none","",0,0,"Sunday, August 2nd 2026","","Wednesday, July 29th 2026, 8:25:16 pm -03:00","Wednesday, July 29th 2026, 8:35:12 pm -03:00","","","Pedro Alberto de Lima","Marketing","hidden","Redes Sociais","[]","[]","[catedral-impios, carrossel]","[Redes Sociais]","[]","","","","","","",,0
"Task","868khvwyw","Números do Catedral","backlog","
","[]","none","",0,0,"Wednesday, August 19th 2026","","Wednesday, July 29th 2026, 8:28:08 pm -03:00","Wednesday, August 12th 2026, 3:57:42 pm -03:00","","","Pedro Alberto de Lima","Marketing","hidden","Email Marketing","[]","[]","[catedral-impios, criativo]","[Email Marketing]","[]","","","","","","",,0
"Task","868khvx69","Tabelas Catedral","backlog","
","[]","none","",0,0,"Tuesday, August 18th 2026","","Wednesday, July 29th 2026, 8:30:30 pm -03:00","Wednesday, August 12th 2026, 3:56:05 pm -03:00","","","Pedro Alberto de Lima","Marketing","hidden","Sprint","[]","[]","[carrossel, catedral-impios]","[Sprint]","[]","","","","","","",,0
"Task","868khvx98","Ilustrações","complete","
","[Diego Bassinello]","none","",0,0,"Thursday, August 6th 2026","","Wednesday, July 29th 2026, 8:31:21 pm -03:00","Wednesday, August 12th 2026, 3:55:32 pm -03:00","Wednesday, August 12th 2026, 3:55:32 pm -03:00","Wednesday, August 12th 2026, 3:55:32 pm -03:00","Pedro Alberto de Lima","Marketing","hidden","Redes Sociais","[]","[]","[catedral-impios, carrossel]","[Redes Sociais]","[]","","","","","","",,0
"Task","868km11c4","Implementar B2B, com pagamento em até 30dias com emissão da nota antes do pagamento.","to do","
","[]","none","",0,0,"","","Tuesday, August 4th 2026, 11:25:01 am -03:00","Tuesday, August 4th 2026, 11:25:01 am -03:00","","","Raul Tribuzi","Desenvolvimento","hidden","Novas Funcionalidades","[]","[]","","[Novas Funcionalidades]","[]","","","","","","",,0
"Task","868km11ur","Ferramenta para gerar relatório de Royalts","to do","
","[]","none","",0,0,"","","Tuesday, August 4th 2026, 11:26:07 am -03:00","Tuesday, August 4th 2026, 11:26:07 am -03:00","","","Raul Tribuzi","Desenvolvimento","hidden","Novas Funcionalidades","[]","[]","","[Novas Funcionalidades]","[]","","","","","","",,0
"Task","868kmc38b","Masmorras de Galora","contrato","
","[]","none","",0,0,"","","Tuesday, August 4th 2026, 7:16:50 pm -03:00","Tuesday, August 4th 2026, 7:16:58 pm -03:00","","","Diego Bassinello","Produção","hidden","Lançamentos","[868kmc3gd]","[https://app.clickup.com/t/868kmc3gd]","","[Lançamentos]","[]","","","","","","",,0
"Task","868kme2ve","Projeto Base (NÃO APAGAR)","backlog","
","[]","none","",0,0,"","","Wednesday, August 5th 2026, 12:25:01 am -03:00","Wednesday, August 5th 2026, 12:47:15 am -03:00","","","Diego Bassinello","Produção","hidden","Lançamentos","[868kme33x, 868kme3bw, 868kme5ca, 868kmeebg, 868kme5h2, 868kme6db, 868kmeped, 868kmezqe]","[https://app.clickup.com/t/868kme33x, https://app.clickup.com/t/868kme3bw, https://app.clickup.com/t/868kme5ca, https://app.clickup.com/t/868kmeebg, https://app.clickup.com/t/868kme5h2, https://app.clickup.com/t/868kme6db, https://app.clickup.com/t/868kmeped, https://app.clickup.com/t/868kmezqe]","","[Lançamentos]","[]","","","","","","",,0
"Task","868kmz6x2","Anatomia do livro","complete","
","[Pedro Alberto de Lima]","none","",0,0,"Wednesday, August 5th 2026","","Wednesday, August 5th 2026, 9:18:57 pm -03:00","Wednesday, August 5th 2026, 9:19:48 pm -03:00","Wednesday, August 5th 2026, 9:19:40 pm -03:00","Wednesday, August 5th 2026, 9:19:40 pm -03:00","Pedro Alberto de Lima","Marketing","hidden","Email Marketing","[]","[]","[newsletter, catedral-impios]","[Email Marketing]","[]","","","","","","",,0
"Task","868kmz84g","Ilustrações","pendente","
","[Pedro Alberto de Lima]","none","",0,0,"Thursday, August 13th 2026","","Wednesday, August 5th 2026, 9:26:15 pm -03:00","Wednesday, August 12th 2026, 3:55:35 pm -03:00","","","Pedro Alberto de Lima","Marketing","hidden","Email Marketing","[]","[]","[newsletter, catedral-impios]","[Email Marketing]","[]","","","","","","",,0
"Task","868kqjyw9","Corte Gameplay","pendente","
","[]","none","",0,0,"Wednesday, August 12th 2026","","Wednesday, August 12th 2026, 3:56:57 pm -03:00","Wednesday, August 12th 2026, 3:57:40 pm -03:00","","","Pedro Alberto de Lima","Marketing","hidden","Redes Sociais","[]","[]","[catedral-impios, criativo]","[Redes Sociais]","[]","","","","","","",,0
"Task","868kqjz5j","Divulgação Gameplay","complete","
","[]","none","",0,0,"Tuesday, August 11th 2026","","Wednesday, August 12th 2026, 3:57:20 pm -03:00","Wednesday, August 12th 2026, 3:57:36 pm -03:00","Wednesday, August 12th 2026, 3:57:26 pm -03:00","Wednesday, August 12th 2026, 3:57:26 pm -03:00","Pedro Alberto de Lima","Marketing","hidden","Redes Sociais","[]","[]","[catedral-impios, criativo]","[Redes Sociais]","[]","","","","","","",,0